path,source_path,archive,source_sha256,columns,first_year,last_year,scenarios,notebooks,rows,size_bytes,sha256
data_inputs/examples/taiesm1_historical_ssp245_v022_2000_2099/ba_load/AECI_taiesm1_historical_ssp245_v022_2000_2099_load.csv.gz,taiesm1_historical_ssp245_v022_2000_2099/ba_load/AECI_taiesm1_historical_ssp245_v022_2000_2099_load.csv,wxdata_sup3rcc_taiesm1_curated_2000_2099.zip,78328ffb87d891ad707f95244d1d4fdfbc19114e94a3ddde0829276690ffe16e,time_utc|load_mw,2039,2039,,notebooks/data_flow/state_load_generation.ipynb,8760,52073,f2ddaa4baaea5974768b683621fd096371a0a25600ed273b4eaea3be56ce8c20
data_inputs/examples/taiesm1_historical_ssp245_v022_2000_2099/ba_load/MISO_0035_taiesm1_historical_ssp245_v022_2000_2099_load.csv.gz,taiesm1_historical_ssp245_v022_2000_2099/ba_load/MISO_0035_taiesm1_historical_ssp245_v022_2000_2099_load.csv,wxdata_sup3rcc_taiesm1_curated_2000_2099.zip,b56b28fc256cdc738d8f492f40b9991a6790e1a888aeee9ef91634def2e1cc45,time_utc|load_mw,2039,2039,,notebooks/data_flow/state_load_generation.ipynb,8760,55649,696d35a497a4413b37104de4be7bd42476e49da3d58cd4deda1aca5518044631
data_inputs/examples/taiesm1_historical_ssp245_v022_2000_2099/ba_load/SWPP_taiesm1_historical_ssp245_v022_2000_2099_load.csv.gz,taiesm1_historical_ssp245_v022_2000_2099/ba_load/SWPP_taiesm1_historical_ssp245_v022_2000_2099_load.csv,wxdata_sup3rcc_taiesm1_curated_2000_2099.zip,b08f7a15b0deab18606098ffb2fe052b23ac85b0c777d4c367a39a9208c4e003,time_utc|load_mw,2039,2039,,notebooks/data_flow/state_load_generation.ipynb,8760,57930,662fa9936a3da83862ca7761d0cf48c90e56c351df48108d97ab63cd058a7174
data_inputs/examples/taiesm1_historical_ssp245_v022_2000_2099/state_load/IA_taiesm1_historical_ssp245_v022_2000_2099_load.parquet,taiesm1_historical_ssp245_v022_2000_2099/state_load/IA_taiesm1_historical_ssp245_v022_2000_2099_load.parquet,wxdata_sup3rcc_taiesm1_curated_2000_2099.zip,e91bcd002653a498060e962cc78c5c37cd56c62fd1fc8f39fa2bf7d718249e52,time_utc|load_mw__raw|load_mw__gcam_rcp45cooler_ssp3|load_mw__gcam_rcp45cooler_ssp5|load_mw__gcam_rcp45hotter_ssp3|load_mw__gcam_rcp45hotter_ssp5|load_mw__gcam_rcp85cooler_ssp3|load_mw__gcam_rcp85cooler_ssp5|load_mw__gcam_rcp85hotter_ssp3|load_mw__gcam_rcp85hotter_ssp5,,,,notebooks/data_flow/state_load_generation.ipynb|notebooks/validation/state_historical_taiesm_validation.ipynb,876000,50305763,453dc9357114d94c98ae69380e01726ea4c9f375b7ad35f30855dd2c8eb880cc
data_inputs/examples/taiesm1_historical_ssp245_v022_2000_2099/state_scenario_metrics/IA_taiesm1_historical_ssp245_v022_2000_2099_scenario_metrics.parquet,taiesm1_historical_ssp245_v022_2000_2099/state_scenario_metrics/IA_taiesm1_historical_ssp245_v022_2000_2099_scenario_metrics.parquet,wxdata_sup3rcc_taiesm1_curated_2000_2099.zip,3986fdabc2b5a059e5e1d6722954d07eebb0ba3a6626a002d9854647f6342318,time_utc|scenario|renew_cf_equiv|net_load_mw__raw,,,,notebooks/analysis/state_seasonal_risk_hours.ipynb,5256000,69753250,a22d3e28c90080dce4d51591dd6f23a1d52ebd3590335add36c4c4611120e7d8
data_inputs/examples/taiesm1_historical_ssp245_v022_2000_2099/state_solar_cf/IA_taiesm1_historical_ssp245_v022_2000_2099_solar_cf.parquet,taiesm1_historical_ssp245_v022_2000_2099/state_solar_cf/IA_taiesm1_historical_ssp245_v022_2000_2099_solar_cf.parquet,wxdata_sup3rcc_taiesm1_curated_2000_2099.zip,bf3c53c8433044f18dd57f5443f96a4edaa72f2e704cc0731969b0eb217415e1,time_utc|solar_cf,2007,2023,,notebooks/validation/state_historical_taiesm_validation.ipynb,148920,542870,f35b55b265783f33aca309f34a3b61c26bb408272639414ed3789f3400f1cb7b
data_inputs/examples/taiesm1_historical_ssp245_v022_2000_2099/state_weather/IA_taiesm1_historical_ssp245_v022_2000_2099_weather.csv.gz,taiesm1_historical_ssp245_v022_2000_2099/state_weather/IA_taiesm1_historical_ssp245_v022_2000_2099_weather.csv,wxdata_sup3rcc_taiesm1_curated_2000_2099.zip,52f556048e71b034e796396dbe3926767722e8222b6794564f5c0459adba1689,time_utc|temperature_2m|specifichumidity_2m|windspeed_10m|ghi|relativehumidity_2m|pressure_0m,2007,2023,,notebooks/validation/state_historical_taiesm_validation.ipynb,148920,8241716,29bf6225ad13f022f511933ab8f0a34ccdfdd6dc3d3915914dbdd462ce4c6667
data_inputs/examples/taiesm1_historical_ssp245_v022_2000_2099/state_wind_cf/IA_taiesm1_historical_ssp245_v022_2000_2099_wind_cf.parquet,taiesm1_historical_ssp245_v022_2000_2099/state_wind_cf/IA_taiesm1_historical_ssp245_v022_2000_2099_wind_cf.parquet,wxdata_sup3rcc_taiesm1_curated_2000_2099.zip,7244d487a128c1b0a0198bd3c66960e61d991eed0c3cce3d06c547e4760cdc40,time_utc|wind_cf,2007,2023,,notebooks/validation/state_historical_taiesm_validation.ipynb,148920,1023229,e09049afb216ec48f2d604f253872ae0d916adac82bd2b2d7f460075f079c874
data_inputs/examples/wtk_bchrrr_nsrdb_2007_2023/ba_load/AECI_wtk_bchrrr_nsrdb_2007_2023_load.csv.gz,wtk_bchrrr_nsrdb_2007_2023/ba_load/AECI_wtk_bchrrr_nsrdb_2007_2023_load.csv,wxdata_wtk_bchrrr_nsrdb_2007_2023.zip,5b19e91d4e0b53f74db40f1414ffd6c41b1c110b9e0a5b8385d08a61eb0ff0ea,time_utc|load_mw,2023,2023,,notebooks/validation/all_ba_2023_load_forecast_validation.ipynb,8760,53591,f6b42ecb5765be77123eaf983a343b212af3a33b1c52bb94479686e67bed95d3
data_inputs/examples/wtk_bchrrr_nsrdb_2007_2023/ba_load/AVA_wtk_bchrrr_nsrdb_2007_2023_load.csv.gz,wtk_bchrrr_nsrdb_2007_2023/ba_load/AVA_wtk_bchrrr_nsrdb_2007_2023_load.csv,wxdata_wtk_bchrrr_nsrdb_2007_2023.zip,25e914209e9921e15f3725a22df8a7731fdf11bc8992fd8f582eebfe2d20ea38,time_utc|load_mw,2023,2023,,notebooks/validation/all_ba_2023_load_forecast_validation.ipynb,8760,50800,bba66152c256607d47aaed356b005de074f53ccb4e177376f9e9b4c54ef6d3eb
data_inputs/examples/wtk_bchrrr_nsrdb_2007_2023/ba_load/AZPS_wtk_bchrrr_nsrdb_2007_2023_load.csv.gz,wtk_bchrrr_nsrdb_2007_2023/ba_load/AZPS_wtk_bchrrr_nsrdb_2007_2023_load.csv,wxdata_wtk_bchrrr_nsrdb_2007_2023.zip,f0e7200a6d1c1b226613046679ae2916bb367aeafb920955121d39df31c78c6b,time_utc|load_mw,2023,2023,,notebooks/validation/all_ba_2023_load_forecast_validation.ipynb,8760,53830,10e4382a31e317046b13b8f1f05711d93cde0e917a09c42f811e6dc1e54c016a
data_inputs/examples/wtk_bchrrr_nsrdb_2007_2023/ba_load/BANC_wtk_bchrrr_nsrdb_2007_2023_load.csv.gz,wtk_bchrrr_nsrdb_2007_2023/ba_load/BANC_wtk_bchrrr_nsrdb_2007_2023_load.csv,wxdata_wtk_bchrrr_nsrdb_2007_2023.zip,839db86152db39334c808c0b3af46ea673b2776b9ef9d35d8738dd1d75cdfbe7,time_utc|load_mw,2023,2023,,notebooks/validation/all_ba_2023_load_forecast_validation.ipynb,8760,51932,b2c6713d53fb26b47ab803e3e6e184289f6157a920b8f2a7ef8217340454f127
data_inputs/examples/wtk_bchrrr_nsrdb_2007_2023/ba_load/BPAT_wtk_bchrrr_nsrdb_2007_2023_load.csv.gz,wtk_bchrrr_nsrdb_2007_2023/ba_load/BPAT_wtk_bchrrr_nsrdb_2007_2023_load.csv,wxdata_wtk_bchrrr_nsrdb_2007_2023.zip,1374591c7d91bdb4392bedcdf5efdaac8fba0aa5d1b1ac5628c2b3509f63d16c,time_utc|load_mw,2023,2023,,notebooks/validation/all_ba_2023_load_forecast_validation.ipynb,8760,54645,9f75530965eed08068ed20091f5432dec6a68621236cc7ed7da9064ecd636b0e
data_inputs/examples/wtk_bchrrr_nsrdb_2007_2023/ba_load/CHPD_wtk_bchrrr_nsrdb_2007_2023_load.csv.gz,wtk_bchrrr_nsrdb_2007_2023/ba_load/CHPD_wtk_bchrrr_nsrdb_2007_2023_load.csv,wxdata_wtk_bchrrr_nsrdb_2007_2023.zip,48812f3a0d9ba7386c79af8160d6d62ddff409909704e4eda587e5ffef3a74d2,time_utc|load_mw,2023,2023,,notebooks/validation/all_ba_2023_load_forecast_validation.ipynb,8760,45574,32ba20e6e1d077966043b0c8103d7c59893ae280b16ba4326a62d4dc4357f6bf
data_inputs/examples/wtk_bchrrr_nsrdb_2007_2023/ba_load/CISO_wtk_bchrrr_nsrdb_2007_2023_load.csv.gz,wtk_bchrrr_nsrdb_2007_2023/ba_load/CISO_wtk_bchrrr_nsrdb_2007_2023_load.csv,wxdata_wtk_bchrrr_nsrdb_2007_2023.zip,590b0ecaef8c34401e71f0d101a88832860206fe17472602afbe0a2ab2d47131,time_utc|load_mw,2023,2023,,notebooks/validation/all_ba_2023_load_forecast_validation.ipynb,8760,58068,6565c4d0847240c34b6f112f3239b91a987284704d964d69b4dcb7aef173b53b
data_inputs/examples/wtk_bchrrr_nsrdb_2007_2023/ba_load/CPLE_wtk_bchrrr_nsrdb_2007_2023_load.csv.gz,wtk_bchrrr_nsrdb_2007_2023/ba_load/CPLE_wtk_bchrrr_nsrdb_2007_2023_load.csv,wxdata_wtk_bchrrr_nsrdb_2007_2023.zip,176857bff8b5931a08fcc9275c1660439011829bc45d9c1551847fde6a543aaf,time_utc|load_mw,2023,2023,,notebooks/validation/all_ba_2023_load_forecast_validation.ipynb,8760,56085,4d16c3cbb3b7f115172e56c2b5ca711e491e6ad65793f559ae6363c391be9197
data_inputs/examples/wtk_bchrrr_nsrdb_2007_2023/ba_load/DOPD_wtk_bchrrr_nsrdb_2007_2023_load.csv.gz,wtk_bchrrr_nsrdb_2007_2023/ba_load/DOPD_wtk_bchrrr_nsrdb_2007_2023_load.csv,wxdata_wtk_bchrrr_nsrdb_2007_2023.zip,d05d41a1df4c246c927a73b8d5a29b5ade4bb4fce36aea704d74190311a84181,time_utc|load_mw,2023,2023,,notebooks/validation/all_ba_2023_load_forecast_validation.ipynb,8760,45182,59133e1ee1482c057548a38a3caa9957f48eec03be27ecab100e830c2affd291
data_inputs/examples/wtk_bchrrr_nsrdb_2007_2023/ba_load/DUK_wtk_bchrrr_nsrdb_2007_2023_load.csv.gz,wtk_bchrrr_nsrdb_2007_2023/ba_load/DUK_wtk_bchrrr_nsrdb_2007_2023_load.csv,wxdata_wtk_bchrrr_nsrdb_2007_2023.zip,a116bba6430b1f184fd8d42764d73116977c9b8499fca83302045b57db8eb6e1,time_utc|load_mw,2023,2023,,notebooks/validation/all_ba_2023_load_forecast_validation.ipynb,8760,57130,d02e113a32a18663faf4217326ac98407140b93a5723068239e87147c9072ccf
data_inputs/examples/wtk_bchrrr_nsrdb_2007_2023/ba_load/EPE_wtk_bchrrr_nsrdb_2007_2023_load.csv.gz,wtk_bchrrr_nsrdb_2007_2023/ba_load/EPE_wtk_bchrrr_nsrdb_2007_2023_load.csv,wxdata_wtk_bchrrr_nsrdb_2007_2023.zip,deffb60e031417e0e93ec84194c31b818ff33d6ad56128912a6734fbdeba8578,time_utc|load_mw,2023,2023,,notebooks/validation/all_ba_2023_load_forecast_validation.ipynb,8760,50542,fff99465fa6d5172981c617199ebc53fba52a7d872118c3718b7db6e71b50090
data_inputs/examples/wtk_bchrrr_nsrdb_2007_2023/ba_load/ERCO_wtk_bchrrr_nsrdb_2007_2023_load.csv.gz,wtk_bchrrr_nsrdb_2007_2023/ba_load/ERCO_wtk_bchrrr_nsrdb_2007_2023_load.csv,wxdata_wtk_bchrrr_nsrdb_2007_2023.zip,5e6f09d6dee4740d741b75ed2fc8d3123883d1049997705095e9ae9fffa54666,time_utc|load_mw,2023,2023,,notebooks/validation/all_ba_2023_load_forecast_validation.ipynb,8760,60007,c8eb8981d0dac1a79ebd402bc90b833fcd63c1d4c291cdccbb78cc7775cbfa9e
data_inputs/examples/wtk_bchrrr_nsrdb_2007_2023/ba_load/FMPP_wtk_bchrrr_nsrdb_2007_2023_load.csv.gz,wtk_bchrrr_nsrdb_2007_2023/ba_load/FMPP_wtk_bchrrr_nsrdb_2007_2023_load.csv,wxdata_wtk_bchrrr_nsrdb_2007_2023.zip,afe9016cb58b632e8da33cd1dce5e6175a3e6410209348e035def12c1029b117,time_utc|load_mw,2023,2023,,notebooks/validation/all_ba_2023_load_forecast_validation.ipynb,8760,52504,2bab6edc75b3a14fd9e2462cfaf9a6d7c0fd9dbd7b28ab3b6a2459faa3606194
data_inputs/examples/wtk_bchrrr_nsrdb_2007_2023/ba_load/FPC_wtk_bchrrr_nsrdb_2007_2023_load.csv.gz,wtk_bchrrr_nsrdb_2007_2023/ba_load/FPC_wtk_bchrrr_nsrdb_2007_2023_load.csv,wxdata_wtk_bchrrr_nsrdb_2007_2023.zip,28fed3c1428ecc8167e9a6c756ae4075a473c9a77654483560acb3c39209c4a0,time_utc|load_mw,2023,2023,,notebooks/validation/all_ba_2023_load_forecast_validation.ipynb,8760,55539,d3408d5c3652965f0bf33a0e16c9cdb11ca533d8cb38f556f3db91c8ca76eccf
data_inputs/examples/wtk_bchrrr_nsrdb_2007_2023/ba_load/FPL_wtk_bchrrr_nsrdb_2007_2023_load.csv.gz,wtk_bchrrr_nsrdb_2007_2023/ba_load/FPL_wtk_bchrrr_nsrdb_2007_2023_load.csv,wxdata_wtk_bchrrr_nsrdb_2007_2023.zip,7e170e450cdb93153e03e54f60e8269c4869d5dcdbcda877422a9ffb58550692,time_utc|load_mw,2023,2023,,notebooks/validation/all_ba_2023_load_forecast_validation.ipynb,8760,57401,f103235f1a35f96257c812d15d5579e90fc5a8c40c22c90e3a439ee89cf1cace
data_inputs/examples/wtk_bchrrr_nsrdb_2007_2023/ba_load/GCPD_wtk_bchrrr_nsrdb_2007_2023_load.csv.gz,wtk_bchrrr_nsrdb_2007_2023/ba_load/GCPD_wtk_bchrrr_nsrdb_2007_2023_load.csv,wxdata_wtk_bchrrr_nsrdb_2007_2023.zip,048a5153932cd24e2b0ad5c52fcbf3f0f9ec1e56712d7c18d360df03444d3e15,time_utc|load_mw,2023,2023,,notebooks/validation/all_ba_2023_load_forecast_validation.ipynb,8760,46751,3ded9e02925c4365453b9ecaf1b268cfabfd3f55d861f70c39506b29a5cce67a
data_inputs/examples/wtk_bchrrr_nsrdb_2007_2023/ba_load/GVL_wtk_bchrrr_nsrdb_2007_2023_load.csv.gz,wtk_bchrrr_nsrdb_2007_2023/ba_load/GVL_wtk_bchrrr_nsrdb_2007_2023_load.csv,wxdata_wtk_bchrrr_nsrdb_2007_2023.zip,4273d24114bc6666129a1f29ee4868fbda8ff9ae6d253ac646fa4acf5d3c40da,time_utc|load_mw,2023,2023,,notebooks/validation/all_ba_2023_load_forecast_validation.ipynb,8760,45994,b080aa584f3149b5cedbd2ee64c3ea530765f7bb2ffb456489a8adbda826f9ab
data_inputs/examples/wtk_bchrrr_nsrdb_2007_2023/ba_load/HST_wtk_bchrrr_nsrdb_2007_2023_load.csv.gz,wtk_bchrrr_nsrdb_2007_2023/ba_load/HST_wtk_bchrrr_nsrdb_2007_2023_load.csv,wxdata_wtk_bchrrr_nsrdb_2007_2023.zip,001d97d2e761f64049f8549e6fc92c9a4ee50226a8fae074673ce42a4c983918,time_utc|load_mw,2023,2023,,notebooks/validation/all_ba_2023_load_forecast_validation.ipynb,8760,41348,b3f57faea10e6169cf3024672edbe409469a91160f9ce209869d8d3baac03b8a
data_inputs/examples/wtk_bchrrr_nsrdb_2007_2023/ba_load/IID_wtk_bchrrr_nsrdb_2007_2023_load.csv.gz,wtk_bchrrr_nsrdb_2007_2023/ba_load/IID_wtk_bchrrr_nsrdb_2007_2023_load.csv,wxdata_wtk_bchrrr_nsrdb_2007_2023.zip,f0d77b4f1eb15b9ebf682c96dc9cfdb641fc5c13574041aaa304f54efa0e6e9c,time_utc|load_mw,2023,2023,,notebooks/validation/all_ba_2023_load_forecast_validation.ipynb,8760,47815,2a30f0fe8ffc451a9ae7c65875f1e68246621e774d5b8d798c87b36ac62e4d8d
data_inputs/examples/wtk_bchrrr_nsrdb_2007_2023/ba_load/IPCO_wtk_bchrrr_nsrdb_2007_2023_load.csv.gz,wtk_bchrrr_nsrdb_2007_2023/ba_load/IPCO_wtk_bchrrr_nsrdb_2007_2023_load.csv,wxdata_wtk_bchrrr_nsrdb_2007_2023.zip,55c2a7121794e3163b3dda6fcd3a8b49b5d86ccd8dc0f9487a6d663034995ce1,time_utc|load_mw,2023,2023,,notebooks/validation/all_ba_2023_load_forecast_validation.ipynb,8760,52463,58b66aa34ca3b1c3e58e492898b5ca7ca70c7c1ceae762eaccd373f30237f351
data_inputs/examples/wtk_bchrrr_nsrdb_2007_2023/ba_load/ISNE_wtk_bchrrr_nsrdb_2007_2023_load.csv.gz,wtk_bchrrr_nsrdb_2007_2023/ba_load/ISNE_wtk_bchrrr_nsrdb_2007_2023_load.csv,wxdata_wtk_bchrrr_nsrdb_2007_2023.zip,ed2f0012fa7b3a519f7dc756f0acfbfd375c71de4e35c7d0684a054a5ccb2835,time_utc|load_mw,2023,2023,,notebooks/validation/all_ba_2023_load_forecast_validation.ipynb,8760,56843,fc6c5a9db0f1d6df6d09d8eaef42af8b6bbef9cb48b90b38837861b4566a5192
data_inputs/examples/wtk_bchrrr_nsrdb_2007_2023/ba_load/JEA_wtk_bchrrr_nsrdb_2007_2023_load.csv.gz,wtk_bchrrr_nsrdb_2007_2023/ba_load/JEA_wtk_bchrrr_nsrdb_2007_2023_load.csv,wxdata_wtk_bchrrr_nsrdb_2007_2023.zip,cbd72e255654144a4c469c102ac3b1ec718038fd0177fc2230c01aca845ed983,time_utc|load_mw,2023,2023,,notebooks/validation/all_ba_2023_load_forecast_validation.ipynb,8760,51745,78ddce8145223f61422110a182f2188c66efef49905f5678b2c07ae4f9d27593
data_inputs/examples/wtk_bchrrr_nsrdb_2007_2023/ba_load/LDWP_wtk_bchrrr_nsrdb_2007_2023_load.csv.gz,wtk_bchrrr_nsrdb_2007_2023/ba_load/LDWP_wtk_bchrrr_nsrdb_2007_2023_load.csv,wxdata_wtk_bchrrr_nsrdb_2007_2023.zip,2ce88b4d93ada40436d8eb17cf59266f86b3fa792185454f23e9593a12fc1d0b,time_utc|load_mw,2023,2023,,notebooks/validation/all_ba_2023_load_forecast_validation.ipynb,8760,52466,77fcb5ea9f68559d23591084b96d331c28ca2368b74cd4647acc63cd8803be14
data_inputs/examples/wtk_bchrrr_nsrdb_2007_2023/ba_load/LGEE_wtk_bchrrr_nsrdb_2007_2023_load.csv.gz,wtk_bchrrr_nsrdb_2007_2023/ba_load/LGEE_wtk_bchrrr_nsrdb_2007_2023_load.csv,wxdata_wtk_bchrrr_nsrdb_2007_2023.zip,7d7eac0af88d0d4649f1c9d8acf7ea4eb09c72c5c281738865b83efb58c36708,time_utc|load_mw,2023,2023,,notebooks/validation/all_ba_2023_load_forecast_validation.ipynb,8760,54374,ae66327dd214ef81dd3cbaebf5f44f784d1d3eb4404103c0406b702f09ea7e1e
data_inputs/examples/wtk_bchrrr_nsrdb_2007_2023/ba_load/MISO_0001_wtk_bchrrr_nsrdb_2007_2023_load.csv.gz,wtk_bchrrr_nsrdb_2007_2023/ba_load/MISO_0001_wtk_bchrrr_nsrdb_2007_2023_load.csv,wxdata_wtk_bchrrr_nsrdb_2007_2023.zip,a9a9466f82c57a4fd859abe7ca8447897007ad0c6e7af9c2b6dca5b01988d8ee,time_utc|load_mw,2023,2023,,notebooks/validation/all_ba_2023_load_forecast_validation.ipynb|notebooks/validation/miso_subregion_load_forecast_validation.ipynb,8760,56126,cb52451d0cd9e1b5831566f9e735b1a88e55e8f80824b6726c82601b0bcb6eba
data_inputs/examples/wtk_bchrrr_nsrdb_2007_2023/ba_load/MISO_0004_wtk_bchrrr_nsrdb_2007_2023_load.csv.gz,wtk_bchrrr_nsrdb_2007_2023/ba_load/MISO_0004_wtk_bchrrr_nsrdb_2007_2023_load.csv,wxdata_wtk_bchrrr_nsrdb_2007_2023.zip,a2f77782d5f32d59b1c627880b2e9059d1c9b1ca3343fc5f86d9e6e119a1e4c3,time_utc|load_mw,2023,2023,,notebooks/validation/all_ba_2023_load_forecast_validation.ipynb|notebooks/validation/miso_subregion_load_forecast_validation.ipynb,8760,54534,a9a69061f1fc18d42b168c056c80690351304a75d09737ed6938f4225049f412
data_inputs/examples/wtk_bchrrr_nsrdb_2007_2023/ba_load/MISO_0006_wtk_bchrrr_nsrdb_2007_2023_load.csv.gz,wtk_bchrrr_nsrdb_2007_2023/ba_load/MISO_0006_wtk_bchrrr_nsrdb_2007_2023_load.csv,wxdata_wtk_bchrrr_nsrdb_2007_2023.zip,5ce22a706467180c7a3686b2e3aea7ace03c9715c73e8fc731eaf3dc0f66ee2b,time_utc|load_mw,2023,2023,,notebooks/validation/all_ba_2023_load_forecast_validation.ipynb|notebooks/validation/miso_subregion_load_forecast_validation.ipynb,8760,56112,cd1a8af635616522922636b6b5098dc2843402bd7cd6db19766dc042ce8bda03
data_inputs/examples/wtk_bchrrr_nsrdb_2007_2023/ba_load/MISO_0027_wtk_bchrrr_nsrdb_2007_2023_load.csv.gz,wtk_bchrrr_nsrdb_2007_2023/ba_load/MISO_0027_wtk_bchrrr_nsrdb_2007_2023_load.csv,wxdata_wtk_bchrrr_nsrdb_2007_2023.zip,2d6041d33fab107686977ef1b0388d9e56237f5a4b6ee5bb7f83534b149b7760,time_utc|load_mw,2023,2023,,notebooks/validation/all_ba_2023_load_forecast_validation.ipynb|notebooks/validation/miso_subregion_load_forecast_validation.ipynb,8760,57464,7280f4b46c1afb4ec777b8622b2d65d20368ce2c492ad2646188bbd336c563a5
data_inputs/examples/wtk_bchrrr_nsrdb_2007_2023/ba_load/MISO_0035_wtk_bchrrr_nsrdb_2007_2023_load.csv.gz,wtk_bchrrr_nsrdb_2007_2023/ba_load/MISO_0035_wtk_bchrrr_nsrdb_2007_2023_load.csv,wxdata_wtk_bchrrr_nsrdb_2007_2023.zip,91ea9f3c850e8ea80d0a9e9029674f6ce637f9c6f44f8b73da4aff265139ed6e,time_utc|load_mw,2023,2023,,notebooks/validation/all_ba_2023_load_forecast_validation.ipynb|notebooks/validation/miso_subregion_load_forecast_validation.ipynb,8760,56179,ec7db9c15c6a4d83874e498e3ba3d4d5b6fbb76fceb012bc741977ed95ba5913
data_inputs/examples/wtk_bchrrr_nsrdb_2007_2023/ba_load/MISO_8910_wtk_bchrrr_nsrdb_2007_2023_load.csv.gz,wtk_bchrrr_nsrdb_2007_2023/ba_load/MISO_8910_wtk_bchrrr_nsrdb_2007_2023_load.csv,wxdata_wtk_bchrrr_nsrdb_2007_2023.zip,c2ae823bb494b2600bfa1e979b9dad8cac66f3d829bf34e2246fad180f35493e,time_utc|load_mw,2023,2023,,notebooks/validation/all_ba_2023_load_forecast_validation.ipynb|notebooks/validation/miso_subregion_load_forecast_validation.ipynb,8760,57799,756552d83160e4f057346f778a56d4826230d6d4fac9af4aae0b71b9629d9310
data_inputs/examples/wtk_bchrrr_nsrdb_2007_2023/ba_load/MISO_wtk_bchrrr_nsrdb_2007_2023_load.csv.gz,wtk_bchrrr_nsrdb_2007_2023/ba_load/MISO_wtk_bchrrr_nsrdb_2007_2023_load.csv,wxdata_wtk_bchrrr_nsrdb_2007_2023.zip,1fa2e5a82356970a21fc172b9cf506e180a2ff0c90ac14eef0a59a1fe9e05c13,time_utc|load_mw,,,,notebooks/data_flow/ba_scenario_metrics_generation.ipynb|notebooks/validation/all_ba_2023_load_forecast_validation.ipynb|notebooks/validation/miso_subregion_load_forecast_validation.ipynb|notebooks/validation/miso_wind_solar_load_validation.ipynb,149016,1031432,cc244fe210b27fdd6f856c220bbdd7c4d45553f494eb19339eb5d7be8c705ffa
data_inputs/examples/wtk_bchrrr_nsrdb_2007_2023/ba_load/NEVP_wtk_bchrrr_nsrdb_2007_2023_load.csv.gz,wtk_bchrrr_nsrdb_2007_2023/ba_load/NEVP_wtk_bchrrr_nsrdb_2007_2023_load.csv,wxdata_wtk_bchrrr_nsrdb_2007_2023.zip,7c7200b139fe8631b183db8aad0838cd23f551330a6afa574c5feef6d11771d5,time_utc|load_mw,2023,2023,,notebooks/validation/all_ba_2023_load_forecast_validation.ipynb,8760,53702,6947ba78041a640fba58eac433108e9d3c3817931c5682204c19bb92548a781a
data_inputs/examples/wtk_bchrrr_nsrdb_2007_2023/ba_load/NWMT_wtk_bchrrr_nsrdb_2007_2023_load.csv.gz,wtk_bchrrr_nsrdb_2007_2023/ba_load/NWMT_wtk_bchrrr_nsrdb_2007_2023_load.csv,wxdata_wtk_bchrrr_nsrdb_2007_2023.zip,b69379e67d1e774e62e498624ebf2c1559a6a1b1ab9154bbad9e739cc7f1832c,time_utc|load_mw,2023,2023,,notebooks/validation/all_ba_2023_load_forecast_validation.ipynb,8760,49848,4f2c6809f8e1ce919b24ababdc761e74cca969dbd65a1ed5fc6c274f60b02600
data_inputs/examples/wtk_bchrrr_nsrdb_2007_2023/ba_load/NYIS_wtk_bchrrr_nsrdb_2007_2023_load.csv.gz,wtk_bchrrr_nsrdb_2007_2023/ba_load/NYIS_wtk_bchrrr_nsrdb_2007_2023_load.csv,wxdata_wtk_bchrrr_nsrdb_2007_2023.zip,1d688dae0e370d3697fa2cc71c8e4af82cc33905470a0576d02c2c7b29bbec15,time_utc|load_mw,2023,2023,,notebooks/validation/all_ba_2023_load_forecast_validation.ipynb,8760,57387,85a7cbd07c9b03e291a0a6d5cb448555548d809a9a0c262b410370cb794f4f9c
data_inputs/examples/wtk_bchrrr_nsrdb_2007_2023/ba_load/PACE_wtk_bchrrr_nsrdb_2007_2023_load.csv.gz,wtk_bchrrr_nsrdb_2007_2023/ba_load/PACE_wtk_bchrrr_nsrdb_2007_2023_load.csv,wxdata_wtk_bchrrr_nsrdb_2007_2023.zip,2a9155f043f8077ba56ff670f3a47aabae9aa067386687b86c463910c0496c2c,time_utc|load_mw,2023,2023,,notebooks/validation/all_ba_2023_load_forecast_validation.ipynb,8760,53694,2c923244ede3e88134f9160c58b98e6d2eefbe8a3f0c217f510ec782daf17de7
data_inputs/examples/wtk_bchrrr_nsrdb_2007_2023/ba_load/PACW_wtk_bchrrr_nsrdb_2007_2023_load.csv.gz,wtk_bchrrr_nsrdb_2007_2023/ba_load/PACW_wtk_bchrrr_nsrdb_2007_2023_load.csv,wxdata_wtk_bchrrr_nsrdb_2007_2023.zip,91094c94d4000a233849a01609d5c3078eb37bef5b1fe614fae0a0bf6ab0ea8a,time_utc|load_mw,2023,2023,,notebooks/validation/all_ba_2023_load_forecast_validation.ipynb,8760,52689,0941fad022a94c07342e891aadfdaa7ef6095f00a81e86bdd0df7d244d2d2493
data_inputs/examples/wtk_bchrrr_nsrdb_2007_2023/ba_load/PGE_wtk_bchrrr_nsrdb_2007_2023_load.csv.gz,wtk_bchrrr_nsrdb_2007_2023/ba_load/PGE_wtk_bchrrr_nsrdb_2007_2023_load.csv,wxdata_wtk_bchrrr_nsrdb_2007_2023.zip,62fce46da3acf92a074c3aba5cdd37fd6ba886d40e0d639dd8c7c12200fc412b,time_utc|load_mw,2023,2023,,notebooks/validation/all_ba_2023_load_forecast_validation.ipynb,8760,52675,52254806d27f019787f7c6df2a89bd9aaeb5bdf30b8510bd74f17f265ae0c489
data_inputs/examples/wtk_bchrrr_nsrdb_2007_2023/ba_load/PJM_wtk_bchrrr_nsrdb_2007_2023_load.csv.gz,wtk_bchrrr_nsrdb_2007_2023/ba_load/PJM_wtk_bchrrr_nsrdb_2007_2023_load.csv,wxdata_wtk_bchrrr_nsrdb_2007_2023.zip,d8951af0ac5e106f5332b5ba1dd3dfc1a7c4c9cef1827514dcdc73ff6381a070,time_utc|load_mw,2023,2023,,notebooks/validation/all_ba_2023_load_forecast_validation.ipynb,8760,61453,16ac08529b09b891ff6017db03d01ee4c5ffda6a52603c24c0b324a77db3cf5f
data_inputs/examples/wtk_bchrrr_nsrdb_2007_2023/ba_load/PNM_wtk_bchrrr_nsrdb_2007_2023_load.csv.gz,wtk_bchrrr_nsrdb_2007_2023/ba_load/PNM_wtk_bchrrr_nsrdb_2007_2023_load.csv,wxdata_wtk_bchrrr_nsrdb_2007_2023.zip,06923c231c72db5d78b2869120c8ca9129342e694716f9590145392bc6e9a90d,time_utc|load_mw,2023,2023,,notebooks/validation/all_ba_2023_load_forecast_validation.ipynb,8760,50670,50ba77379c4f0da1c951b6d3c4f14f54549e4c907e81fc5fb8d05940240eaca3
data_inputs/examples/wtk_bchrrr_nsrdb_2007_2023/ba_load/PSCO_wtk_bchrrr_nsrdb_2007_2023_load.csv.gz,wtk_bchrrr_nsrdb_2007_2023/ba_load/PSCO_wtk_bchrrr_nsrdb_2007_2023_load.csv,wxdata_wtk_bchrrr_nsrdb_2007_2023.zip,171fbbf48a0aa21d1ecca4d6e90dd1784e2c5b1abb7e370c81d7ab6cdc3627fc,time_utc|load_mw,2023,2023,,notebooks/validation/all_ba_2023_load_forecast_validation.ipynb,8760,54176,bfa4be6ba2414f4615016d5a82c281d41b9247b2cc09bcbd7369cc909a03f423
data_inputs/examples/wtk_bchrrr_nsrdb_2007_2023/ba_load/PSEI_wtk_bchrrr_nsrdb_2007_2023_load.csv.gz,wtk_bchrrr_nsrdb_2007_2023/ba_load/PSEI_wtk_bchrrr_nsrdb_2007_2023_load.csv,wxdata_wtk_bchrrr_nsrdb_2007_2023.zip,5171210374387f1aa9cd200a70366a27a555273524f3cf7efc3bf2808df3075a,time_utc|load_mw,2023,2023,,notebooks/validation/all_ba_2023_load_forecast_validation.ipynb,8760,52887,4e943870b3255007f2e1498a642841c5dbddbfcfe733605a65501a1f43215608
data_inputs/examples/wtk_bchrrr_nsrdb_2007_2023/ba_load/SCEG_wtk_bchrrr_nsrdb_2007_2023_load.csv.gz,wtk_bchrrr_nsrdb_2007_2023/ba_load/SCEG_wtk_bchrrr_nsrdb_2007_2023_load.csv,wxdata_wtk_bchrrr_nsrdb_2007_2023.zip,b7a9f521bc5cc0c68340e8d01f5037da6e2e3770570aa5712fa0a5a9b53f4b08,time_utc|load_mw,2023,2023,,notebooks/validation/all_ba_2023_load_forecast_validation.ipynb,8760,53191,47f24743264f27d37588bacb01f8ceee5bcab1d088aad9667dc4d7ccf2dd76c1
data_inputs/examples/wtk_bchrrr_nsrdb_2007_2023/ba_load/SCL_wtk_bchrrr_nsrdb_2007_2023_load.csv.gz,wtk_bchrrr_nsrdb_2007_2023/ba_load/SCL_wtk_bchrrr_nsrdb_2007_2023_load.csv,wxdata_wtk_bchrrr_nsrdb_2007_2023.zip,90a84e3ca9521a75cf4f37fc3d0af3a9fc9b0e42e220a3455c8318b8712ce40f,time_utc|load_mw,2023,2023,,notebooks/validation/all_ba_2023_load_forecast_validation.ipynb,8760,49883,f029851d2ddb6407ab3de8602d0e38d70e22ffc6e44ab2f8c01b967e43c7cf4f
data_inputs/examples/wtk_bchrrr_nsrdb_2007_2023/ba_load/SC_wtk_bchrrr_nsrdb_2007_2023_load.csv.gz,wtk_bchrrr_nsrdb_2007_2023/ba_load/SC_wtk_bchrrr_nsrdb_2007_2023_load.csv,wxdata_wtk_bchrrr_nsrdb_2007_2023.zip,f3a2ff5b38928001b1974fb3e155c0bf76a99c1e77a38155009fd35ece8b9c7e,time_utc|load_mw,2023,2023,,notebooks/validation/all_ba_2023_load_forecast_validation.ipynb,8760,52791,602c7c29caa64f084356acd7db8966fb3feb13d99100c29daf3a4be0327b3522
data_inputs/examples/wtk_bchrrr_nsrdb_2007_2023/ba_load/SEC_wtk_bchrrr_nsrdb_2007_2023_load.csv.gz,wtk_bchrrr_nsrdb_2007_2023/ba_load/SEC_wtk_bchrrr_nsrdb_2007_2023_load.csv,wxdata_wtk_bchrrr_nsrdb_2007_2023.zip,16ecec6452c8062870058dfd5d1c21d43e393f8a715528df720b858de23195d2,time_utc|load_mw,2023,2023,,notebooks/validation/all_ba_2023_load_forecast_validation.ipynb,8760,47912,7ee77ee773261c9c99c4c30e87e10836df6614886d63a3049c59124f65a42336
data_inputs/examples/wtk_bchrrr_nsrdb_2007_2023/ba_load/SOCO_wtk_bchrrr_nsrdb_2007_2023_load.csv.gz,wtk_bchrrr_nsrdb_2007_2023/ba_load/SOCO_wtk_bchrrr_nsrdb_2007_2023_load.csv,wxdata_wtk_bchrrr_nsrdb_2007_2023.zip,1181d2292d074021f97a996f81f6c7c01d25b41fa8fef65a8a014ff2b2a72630,time_utc|load_mw,2023,2023,,notebooks/validation/all_ba_2023_load_forecast_validation.ipynb,8760,58874,910aff4b6bd92f593760337e144b36be6ef55c5e2a78689e4f7e26e04e41a20a
data_inputs/examples/wtk_bchrrr_nsrdb_2007_2023/ba_load/SPA_wtk_bchrrr_nsrdb_2007_2023_load.csv.gz,wtk_bchrrr_nsrdb_2007_2023/ba_load/SPA_wtk_bchrrr_nsrdb_2007_2023_load.csv,wxdata_wtk_bchrrr_nsrdb_2007_2023.zip,93e96ee3aed256a961bc6949327912b4b4ab02aea34ad2667ff73f1225962675,time_utc|load_mw,2023,2023,,notebooks/validation/all_ba_2023_load_forecast_validation.ipynb,8760,40984,f0b553bfe8db75c25e60bef81c2c82659216fabf660dc2d6fcccec8fbeedad32
data_inputs/examples/wtk_bchrrr_nsrdb_2007_2023/ba_load/SRP_wtk_bchrrr_nsrdb_2007_2023_load.csv.gz,wtk_bchrrr_nsrdb_2007_2023/ba_load/SRP_wtk_bchrrr_nsrdb_2007_2023_load.csv,wxdata_wtk_bchrrr_nsrdb_2007_2023.zip,bdd9d9c0a8372856a48a9fbe36f0f49b184a65ce4ed0b22a57d12a14abeafca3,time_utc|load_mw,2023,2023,,notebooks/validation/all_ba_2023_load_forecast_validation.ipynb,8760,53920,53ca2ae04d829bf6a6a487e87124602b05466377dabf30c76f36e422c31b1698
data_inputs/examples/wtk_bchrrr_nsrdb_2007_2023/ba_load/SWPP_wtk_bchrrr_nsrdb_2007_2023_load.csv.gz,wtk_bchrrr_nsrdb_2007_2023/ba_load/SWPP_wtk_bchrrr_nsrdb_2007_2023_load.csv,wxdata_wtk_bchrrr_nsrdb_2007_2023.zip,b07163c2ba3a2e2d648a48572862e3247ecafa33feac0e111437087105a4ca45,time_utc|load_mw,2023,2023,,notebooks/validation/all_ba_2023_load_forecast_validation.ipynb,8760,58938,17b0a871f8e1f0fb002536cf66c967235580e3538edbab3d0640112e18bf41c3
data_inputs/examples/wtk_bchrrr_nsrdb_2007_2023/ba_load/TAL_wtk_bchrrr_nsrdb_2007_2023_load.csv.gz,wtk_bchrrr_nsrdb_2007_2023/ba_load/TAL_wtk_bchrrr_nsrdb_2007_2023_load.csv,wxdata_wtk_bchrrr_nsrdb_2007_2023.zip,cd854701b6becf035bf079fc6b7fad8c5b247050b334974f54e825d6e22c7133,time_utc|load_mw,2023,2023,,notebooks/validation/all_ba_2023_load_forecast_validation.ipynb,8760,47265,c69932beea01d80a18cb140299760bfca0d3bc07709a401b8b6269907b1918a2
data_inputs/examples/wtk_bchrrr_nsrdb_2007_2023/ba_load/TEC_wtk_bchrrr_nsrdb_2007_2023_load.csv.gz,wtk_bchrrr_nsrdb_2007_2023/ba_load/TEC_wtk_bchrrr_nsrdb_2007_2023_load.csv,wxdata_wtk_bchrrr_nsrdb_2007_2023.zip,ca4b2eb1116b73d5e305b8f717108b104ae9a111c90b1c4a28db1a06d3269a0b,time_utc|load_mw,2023,2023,,notebooks/validation/all_ba_2023_load_forecast_validation.ipynb,8760,53159,b49d8b10be034527391842d360ee9448c04c851458f6b09c0a13fed3d9a7c865
data_inputs/examples/wtk_bchrrr_nsrdb_2007_2023/ba_load/TEPC_wtk_bchrrr_nsrdb_2007_2023_load.csv.gz,wtk_bchrrr_nsrdb_2007_2023/ba_load/TEPC_wtk_bchrrr_nsrdb_2007_2023_load.csv,wxdata_wtk_bchrrr_nsrdb_2007_2023.zip,abbd8fd720f005d2199163ac1194dbd09c87d223d4bea1916a02f0d98a7631b3,time_utc|load_mw,2023,2023,,notebooks/validation/all_ba_2023_load_forecast_validation.ipynb,8760,51910,5fa6d3e3b2e1fcb27b119d3245caa6ac8d2b0e4f68a98f43658d8293316d6f06
data_inputs/examples/wtk_bchrrr_nsrdb_2007_2023/ba_load/TIDC_wtk_bchrrr_nsrdb_2007_2023_load.csv.gz,wtk_bchrrr_nsrdb_2007_2023/ba_load/TIDC_wtk_bchrrr_nsrdb_2007_2023_load.csv,wxdata_wtk_bchrrr_nsrdb_2007_2023.zip,c10f188b1d6997ba3549487e5ca6a78f2d27c73e1785ad2ade82878190bc31d0,time_utc|load_mw,2023,2023,,notebooks/validation/all_ba_2023_load_forecast_validation.ipynb,8760,46398,af38989f3e11661baac1a18565680c699be5d80a6f128a16abc8f0a6e7e09c54
data_inputs/examples/wtk_bchrrr_nsrdb_2007_2023/ba_load/TPWR_wtk_bchrrr_nsrdb_2007_2023_load.csv.gz,wtk_bchrrr_nsrdb_2007_2023/ba_load/TPWR_wtk_bchrrr_nsrdb_2007_2023_load.csv,wxdata_wtk_bchrrr_nsrdb_2007_2023.zip,caa4a4a17b6761abce8575466b3118062916b3b574f3dbde426dc17dc605934f,time_utc|load_mw,2023,2023,,notebooks/validation/all_ba_2023_load_forecast_validation.ipynb,8760,47853,247e8a5cf39d57e86a3c789719f4058fe09836ba77ec85244e5c4cd5e0b775a4
data_inputs/examples/wtk_bchrrr_nsrdb_2007_2023/ba_load/TVA_wtk_bchrrr_nsrdb_2007_2023_load.csv.gz,wtk_bchrrr_nsrdb_2007_2023/ba_load/TVA_wtk_bchrrr_nsrdb_2007_2023_load.csv,wxdata_wtk_bchrrr_nsrdb_2007_2023.zip,5ed015bab35f5d729d27505966c6f2ca67150bc7f73266cc1bfd5c52b7ca45f6,time_utc|load_mw,2023,2023,,notebooks/validation/all_ba_2023_load_forecast_validation.ipynb,8760,58110,9bd1d00583885f007f55e991de1ab586a17e6f00868f0965986cb5a2f88c500e
data_inputs/examples/wtk_bchrrr_nsrdb_2007_2023/ba_load/WACM_wtk_bchrrr_nsrdb_2007_2023_load.csv.gz,wtk_bchrrr_nsrdb_2007_2023/ba_load/WACM_wtk_bchrrr_nsrdb_2007_2023_load.csv,wxdata_wtk_bchrrr_nsrdb_2007_2023.zip,aaf253311622419f6cab7da73af700e3767026cade26da95ba51a36a17a21a85,time_utc|load_mw,2023,2023,,notebooks/validation/all_ba_2023_load_forecast_validation.ipynb,8760,51946,910e6e5cd4f972b7f4a17817019b6663dfe387117dd8ee22535c19ae0cc9c3d4
data_inputs/examples/wtk_bchrrr_nsrdb_2007_2023/ba_load/WALC_wtk_bchrrr_nsrdb_2007_2023_load.csv.gz,wtk_bchrrr_nsrdb_2007_2023/ba_load/WALC_wtk_bchrrr_nsrdb_2007_2023_load.csv,wxdata_wtk_bchrrr_nsrdb_2007_2023.zip,b8daa3560416e51987aadda7f0ee8bfc01e40c0af955632f7e47d2e9a77755c6,time_utc|load_mw,2023,2023,,notebooks/validation/all_ba_2023_load_forecast_validation.ipynb,8760,49560,5f83cac18e4446bff2f213489aabc6c6b699bbb4113d72addb5c4829c80730f1
data_inputs/examples/wtk_bchrrr_nsrdb_2007_2023/ba_load/WAUW_wtk_bchrrr_nsrdb_2007_2023_load.csv.gz,wtk_bchrrr_nsrdb_2007_2023/ba_load/WAUW_wtk_bchrrr_nsrdb_2007_2023_load.csv,wxdata_wtk_bchrrr_nsrdb_2007_2023.zip,cda4bfb2fa49a4e6b84c43fe71a54d52d95378913a501644054066ba015e489f,time_utc|load_mw,2023,2023,,notebooks/validation/all_ba_2023_load_forecast_validation.ipynb,8760,41717,a2fb9a1fa51fac3d32d9d7321464fbd761f9fdc7f840751b0b80e0d526ecdef4
data_inputs/examples/wtk_bchrrr_nsrdb_2007_2023/ba_scenario_metrics/BPAT_wtk_bchrrr_nsrdb_2007_2023_scenario_metrics.csv.gz,wtk_bchrrr_nsrdb_2007_2023/ba_scenario_metrics/BPAT_wtk_bchrrr_nsrdb_2007_2023_scenario_metrics.csv,wxdata_wtk_bchrrr_nsrdb_2007_2023.zip,72fb578044d5fb44f2f926926fcb5a6014c89e56306bfd7d14c3b9fbfb2264d4,time_utc|scenario|load_mw|net_load_mw,,,,notebooks/analysis/pairwise_pooling_heatmap.ipynb,893520,14618514,d6312aeca09031a3b5d279877292e7c445404d8014196617efcf144c3f654ef8
data_inputs/examples/wtk_bchrrr_nsrdb_2007_2023/ba_scenario_metrics/CISO_wtk_bchrrr_nsrdb_2007_2023_scenario_metrics.csv.gz,wtk_bchrrr_nsrdb_2007_2023/ba_scenario_metrics/CISO_wtk_bchrrr_nsrdb_2007_2023_scenario_metrics.csv,wxdata_wtk_bchrrr_nsrdb_2007_2023.zip,4f291ad844dac97ef113d4cbd7c4038f3f7fbc29e47272a226208ef13bbd3578,time_utc|scenario|load_mw|net_load_mw,,,,notebooks/analysis/pairwise_pooling_heatmap.ipynb,893520,15238080,282f991cc3f927340255023ded07c88b3aba732ebeeb50a7bebbdd3fe4e8d5c4
data_inputs/examples/wtk_bchrrr_nsrdb_2007_2023/ba_scenario_metrics/ERCO_wtk_bchrrr_nsrdb_2007_2023_scenario_metrics.csv.gz,wtk_bchrrr_nsrdb_2007_2023/ba_scenario_metrics/ERCO_wtk_bchrrr_nsrdb_2007_2023_scenario_metrics.csv,wxdata_wtk_bchrrr_nsrdb_2007_2023.zip,2459c9d8f806d292fe2c414f41817a839c62e569e81d4437730319927ee730a3,time_utc|scenario|load_mw|net_load_mw,,,,notebooks/analysis/pairwise_pooling_heatmap.ipynb,893520,15400144,74060cf2002924d2c0aca9f59e23f741ed35174f12adb224c40c67143bb8e02e
data_inputs/examples/wtk_bchrrr_nsrdb_2007_2023/ba_scenario_metrics/FPL_wtk_bchrrr_nsrdb_2007_2023_scenario_metrics.csv.gz,wtk_bchrrr_nsrdb_2007_2023/ba_scenario_metrics/FPL_wtk_bchrrr_nsrdb_2007_2023_scenario_metrics.csv,wxdata_wtk_bchrrr_nsrdb_2007_2023.zip,0a707811c9fb1962db02e87c05067160f7dbf8100a66f390e62d6afdff9b8634,time_utc|scenario|load_mw|net_load_mw,,,,notebooks/analysis/pairwise_pooling_heatmap.ipynb,297840,4042999,06dc85bb2401a94ea7e65e6144d8a31d032d28c629f0c814d2a90429c6509ca8
data_inputs/examples/wtk_bchrrr_nsrdb_2007_2023/ba_scenario_metrics/ISNE_wtk_bchrrr_nsrdb_2007_2023_scenario_metrics.csv.gz,wtk_bchrrr_nsrdb_2007_2023/ba_scenario_metrics/ISNE_wtk_bchrrr_nsrdb_2007_2023_scenario_metrics.csv,wxdata_wtk_bchrrr_nsrdb_2007_2023.zip,7eecc950f88d4e7886ecf6f95a964b3d959a016548a35f4bd8c31741d0759781,time_utc|scenario|load_mw|net_load_mw,,,,notebooks/analysis/pairwise_pooling_heatmap.ipynb,893520,14965973,9dec03d889ba05b523e552233cc91647b02cdb77b135d2f183d3855357fe65e4
data_inputs/examples/wtk_bchrrr_nsrdb_2007_2023/ba_scenario_metrics/MISO_0001_wtk_bchrrr_nsrdb_2007_2023_scenario_metrics.csv.gz,wtk_bchrrr_nsrdb_2007_2023/ba_scenario_metrics/MISO_0001_wtk_bchrrr_nsrdb_2007_2023_scenario_metrics.csv,wxdata_wtk_bchrrr_nsrdb_2007_2023.zip,4874a813c4e32676fbf67a71f74f57aa572bc6659a14adce350599ce24dd22de,time_utc|scenario|load_mw|wind_mw|solar_mw,,,installed_2024,notebooks/data_flow/pooled_scenario_metrics_generation.ipynb,148920,3415943,b47fe60a42d12169f8a3c8024f43f6215159703553371deaaaa720b3ee649552
data_inputs/examples/wtk_bchrrr_nsrdb_2007_2023/ba_scenario_metrics/MISO_0004_wtk_bchrrr_nsrdb_2007_2023_scenario_metrics.csv.gz,wtk_bchrrr_nsrdb_2007_2023/ba_scenario_metrics/MISO_0004_wtk_bchrrr_nsrdb_2007_2023_scenario_metrics.csv,wxdata_wtk_bchrrr_nsrdb_2007_2023.zip,c91780dbf45fa35575e6d469d9bb7a8debb5558ea78b8c6ab4c8ed355daae773,time_utc|scenario|load_mw|wind_mw|solar_mw,,,installed_2024,notebooks/data_flow/pooled_scenario_metrics_generation.ipynb,148920,3357321,0e6e9e0a9176748dc067635854220cb0303ce315b434be13852ed8183a486dcb
data_inputs/examples/wtk_bchrrr_nsrdb_2007_2023/ba_scenario_metrics/MISO_0006_wtk_bchrrr_nsrdb_2007_2023_scenario_metrics.csv.gz,wtk_bchrrr_nsrdb_2007_2023/ba_scenario_metrics/MISO_0006_wtk_bchrrr_nsrdb_2007_2023_scenario_metrics.csv,wxdata_wtk_bchrrr_nsrdb_2007_2023.zip,f06feed3fe3009548ca705f4d6e11c70bcd3d54d6cfc68083f1167ba4f36102d,time_utc|scenario|load_mw|wind_mw|solar_mw,,,installed_2024,notebooks/data_flow/pooled_scenario_metrics_generation.ipynb,148920,3288857,fded19f17e7fb83edca1a5b7b1476d58eb9de7cdb1df59bbd1f6b6d57f6d3563
data_inputs/examples/wtk_bchrrr_nsrdb_2007_2023/ba_scenario_metrics/MISO_0027_wtk_bchrrr_nsrdb_2007_2023_scenario_metrics.csv.gz,wtk_bchrrr_nsrdb_2007_2023/ba_scenario_metrics/MISO_0027_wtk_bchrrr_nsrdb_2007_2023_scenario_metrics.csv,wxdata_wtk_bchrrr_nsrdb_2007_2023.zip,7bac30551a7ae3cb7fc194d1557cb11a21f00041bdc8f450f032ca8ea6201482,time_utc|scenario|load_mw|wind_mw|solar_mw,,,installed_2024,notebooks/data_flow/pooled_scenario_metrics_generation.ipynb,148920,3439263,1a3e8c260b7556ed694dc3268dbe2c73be2727e84f8c31342b0cb8865332d03a
data_inputs/examples/wtk_bchrrr_nsrdb_2007_2023/ba_scenario_metrics/MISO_0035_wtk_bchrrr_nsrdb_2007_2023_scenario_metrics.csv.gz,wtk_bchrrr_nsrdb_2007_2023/ba_scenario_metrics/MISO_0035_wtk_bchrrr_nsrdb_2007_2023_scenario_metrics.csv,wxdata_wtk_bchrrr_nsrdb_2007_2023.zip,9e8706758aefdf6c1c6d371faec17852bf6140dab077fdb5cdea5c4a8a13d72a,time_utc|scenario|load_mw|wind_mw|solar_mw,,,installed_2024,notebooks/data_flow/pooled_scenario_metrics_generation.ipynb,148920,3397992,b22718eb78f28a22a5d1b94415c9fe4e6c60fa4fe97add3b8d2f8f1be0afd7e6
data_inputs/examples/wtk_bchrrr_nsrdb_2007_2023/ba_scenario_metrics/MISO_8910_wtk_bchrrr_nsrdb_2007_2023_scenario_metrics.csv.gz,wtk_bchrrr_nsrdb_2007_2023/ba_scenario_metrics/MISO_8910_wtk_bchrrr_nsrdb_2007_2023_scenario_metrics.csv,wxdata_wtk_bchrrr_nsrdb_2007_2023.zip,0a346b53d628986037aaf98afad67e8f2ca6cec2a1be8a8006cf1c99360eca55,time_utc|scenario|load_mw|net_load_mw|renew_cf_equiv,,,,notebooks/data_flow/ba_stress_event_catalog.ipynb,893520,22203987,c81871a1d45bd5e29a965c4b1d13af204b5b0d5c4be5f42e42332a32c15716c3
data_inputs/examples/wtk_bchrrr_nsrdb_2007_2023/ba_scenario_metrics/MISO_wtk_bchrrr_nsrdb_2007_2023_scenario_metrics.csv.gz,wtk_bchrrr_nsrdb_2007_2023/ba_scenario_metrics/MISO_wtk_bchrrr_nsrdb_2007_2023_scenario_metrics.csv,wxdata_wtk_bchrrr_nsrdb_2007_2023.zip,cd1e76a9f5c895bf344c8cc62588db057deedc7d8f7723415786c7b26cc0c1c9,time_utc|scenario|load_mw|wind_cf|solar_cf|wind_mw|solar_mw|net_load_mw|renew_cf_equiv,,,,notebooks/data_flow/ba_scenario_metrics_generation.ipynb,893520,46792605,51dc5d7aeefb95c95fd1bdca0d31dafb1af159a155a005edd40beb7a6065dbcd
data_inputs/examples/wtk_bchrrr_nsrdb_2007_2023/ba_scenario_metrics/NYIS_wtk_bchrrr_nsrdb_2007_2023_scenario_metrics.csv.gz,wtk_bchrrr_nsrdb_2007_2023/ba_scenario_metrics/NYIS_wtk_bchrrr_nsrdb_2007_2023_scenario_metrics.csv,wxdata_wtk_bchrrr_nsrdb_2007_2023.zip,cd4b1fa75ab921cd5ec4c09a0f0e6a5c0ce452310b2f587e4abf14c0e1528343,time_utc|scenario|load_mw|net_load_mw,,,,notebooks/analysis/pairwise_pooling_heatmap.ipynb,893520,14990827,e56c53894d704994a82fe3510eb99c3335f71fb5547bc8fd01d892c39fe440e6
data_inputs/examples/wtk_bchrrr_nsrdb_2007_2023/ba_scenario_metrics/PJM_wtk_bchrrr_nsrdb_2007_2023_scenario_metrics.csv.gz,wtk_bchrrr_nsrdb_2007_2023/ba_scenario_metrics/PJM_wtk_bchrrr_nsrdb_2007_2023_scenario_metrics.csv,wxdata_wtk_bchrrr_nsrdb_2007_2023.zip,5f5dbb7860c03566cd1d9510ac904831e899966ed403de4fa86b11a8ae244103,time_utc|scenario|load_mw|net_load_mw,,,,notebooks/analysis/pairwise_pooling_heatmap.ipynb,893520,15297698,7556320991f1cee6370a0bbb655c2922d217dae3b73e9d8782a2bbaf700e77f5
data_inputs/examples/wtk_bchrrr_nsrdb_2007_2023/ba_scenario_metrics/SOCO_wtk_bchrrr_nsrdb_2007_2023_scenario_metrics.csv.gz,wtk_bchrrr_nsrdb_2007_2023/ba_scenario_metrics/SOCO_wtk_bchrrr_nsrdb_2007_2023_scenario_metrics.csv,wxdata_wtk_bchrrr_nsrdb_2007_2023.zip,ce91f9cd78d7a40bdb8556b9737cb511f14da723bb858bd47be702f9231d46ae,time_utc|scenario|load_mw|net_load_mw,,,,notebooks/analysis/pairwise_pooling_heatmap.ipynb,297840,4137303,1e95a39b55130eb3cf4b90b332f82481738779f93e269469add54855ca446968
data_inputs/examples/wtk_bchrrr_nsrdb_2007_2023/ba_scenario_metrics/SWPP_wtk_bchrrr_nsrdb_2007_2023_scenario_metrics.csv.gz,wtk_bchrrr_nsrdb_2007_2023/ba_scenario_metrics/SWPP_wtk_bchrrr_nsrdb_2007_2023_scenario_metrics.csv,wxdata_wtk_bchrrr_nsrdb_2007_2023.zip,8df39742efacc77cf50efc3bb97cadae9e7a13d95585ed52d466537a0c4449ed,time_utc|scenario|load_mw|net_load_mw|renew_cf_equiv,,,,notebooks/analysis/pairwise_pooling_heatmap.ipynb|notebooks/data_flow/ba_stress_event_catalog.ipynb,893520,23406956,fedad7ffa83d0b5a205768ef0c3084d87aae06410e5d7655c8551a42787669f9
data_inputs/examples/wtk_bchrrr_nsrdb_2007_2023/ba_scenario_metrics/TVA_wtk_bchrrr_nsrdb_2007_2023_scenario_metrics.csv.gz,wtk_bchrrr_nsrdb_2007_2023/ba_scenario_metrics/TVA_wtk_bchrrr_nsrdb_2007_2023_scenario_metrics.csv,wxdata_wtk_bchrrr_nsrdb_2007_2023.zip,c8f7d52b699168a67a6cb281ea78b20024d4f1c008ed48fe1698e798f8411e78,time_utc|scenario|load_mw|net_load_mw,,,,notebooks/analysis/pairwise_pooling_heatmap.ipynb,893520,14496344,73f74b4733ea9cde713d524dcefa584ac2a5f9223605a650af5d1e83b51f03c1
data_inputs/examples/wtk_bchrrr_nsrdb_2007_2023/ba_solar_cf/MISO_wtk_bchrrr_nsrdb_2007_2023_solar_cf.csv.gz,wtk_bchrrr_nsrdb_2007_2023/ba_solar_cf/MISO_wtk_bchrrr_nsrdb_2007_2023_solar_cf.csv,wxdata_wtk_bchrrr_nsrdb_2007_2023.zip,9ae7ca05165ffdd94cebf0e2a7a462abb049ba10eb388c10f802be9ae65a9953,time_utc|solar_cf,,,,notebooks/data_flow/ba_scenario_metrics_generation.ipynb,148920,1230531,a7da805fa97fbec449d14faedd7f5db9f4692850e19f97e96eecc28b454b6536
data_inputs/examples/wtk_bchrrr_nsrdb_2007_2023/ba_stress_event_catalog/MISO_wtk_bchrrr_nsrdb_2007_2023_events.csv.gz,wtk_bchrrr_nsrdb_2007_2023/ba_stress_event_catalog/MISO_wtk_bchrrr_nsrdb_2007_2023_events.csv,wxdata_wtk_bchrrr_nsrdb_2007_2023.zip,e323162b52890bec26cdaa340dfab72bb621d3c082f56e1af2eee583b95f161a,ba_code|metric|threshold_quantile|event_start_utc|event_end_utc|event_length_hours|gap_hours|event_peak_value|event_peak_quantile|scenario_specific_event_peak_quantile|event_peak_utc,,,,notebooks/analysis/miso_monthly_event_counts.ipynb,57102,1584737,d3d7d7126365a625e0289fd2709a9d6d709cd2bbef3dac04628e7c7b3d00135e
data_inputs/examples/wtk_bchrrr_nsrdb_2007_2023/ba_weather/MISO_wtk_bchrrr_nsrdb_2007_2023_weather.csv.gz,wtk_bchrrr_nsrdb_2007_2023/ba_weather/MISO_wtk_bchrrr_nsrdb_2007_2023_weather.csv,wxdata_wtk_bchrrr_nsrdb_2007_2023.zip,dd5cf4ff900e7e97497a926242262f7b25730a24a409c04a6762d96ccb4163b5,time_utc|temperature_2m|windspeed_10m|ghi,,,,notebooks/data_flow/tell_load_forecast_data_flow.ipynb,149016,4055432,5ff6a9b3a97a5eefc10a462d628e8e544a5c6ec0070f396589c619531491f2b3
data_inputs/examples/wtk_bchrrr_nsrdb_2007_2023/ba_wind_cf/MISO_wtk_bchrrr_nsrdb_2007_2023_wind_cf.csv.gz,wtk_bchrrr_nsrdb_2007_2023/ba_wind_cf/MISO_wtk_bchrrr_nsrdb_2007_2023_wind_cf.csv,wxdata_wtk_bchrrr_nsrdb_2007_2023.zip,ec1bbcfa6bfc364273870f07dd107877b4c7d0fde412cb3f938461545232b5a1,time_utc|wind_cf,,,,notebooks/data_flow/ba_scenario_metrics_generation.ipynb,148920,1760496,01337205fdb70dc48a0810d3914683668c8f264e817375b886ed55fc7dd3762e
data_inputs/examples/wtk_bchrrr_nsrdb_2007_2023/pooled_scenario_metrics/MISO_NCA_wtk_bchrrr_nsrdb_2007_2023_scenario_metrics.csv.gz,wtk_bchrrr_nsrdb_2007_2023/pooled_scenario_metrics/MISO_NCA_wtk_bchrrr_nsrdb_2007_2023_scenario_metrics.csv,wxdata_wtk_bchrrr_nsrdb_2007_2023.zip,4082f7eee33c828642df115392e11d3d7f9438fa4e4df7bdc36d54c23842e376,time_utc|scenario|load_mw|wind_cf|solar_cf|wind_mw|solar_mw|net_load_mw|renew_cf_equiv,,,,notebooks/data_flow/pooled_scenario_metrics_generation.ipynb,893520,36467581,8cf2dc7c0c88ddcd17de4c1ad591bd6beff3d8076e19488b32b29a0025203856
data_inputs/examples/wtk_bchrrr_nsrdb_2007_2023/pooled_scenario_metrics/MISO_SUBREGION_SUM_wtk_bchrrr_nsrdb_2007_2023_scenario_metrics.csv.gz,wtk_bchrrr_nsrdb_2007_2023/pooled_scenario_metrics/MISO_SUBREGION_SUM_wtk_bchrrr_nsrdb_2007_2023_scenario_metrics.csv,wxdata_wtk_bchrrr_nsrdb_2007_2023.zip,00f90d13cea0d78755c32c876685f5aadc54708963a05840b8ad59001b732032,time_utc|scenario|load_mw|net_load_mw|renew_cf_equiv,,,,notebooks/analysis/pairwise_pooling_heatmap.ipynb|notebooks/data_flow/ba_stress_event_catalog.ipynb,893520,22410728,9f559e91516102d807accf6bdefe7247043e1870f5f8154353e966252de8642b
data_inputs/examples/wtk_bchrrr_nsrdb_2007_2023/pooled_scenario_metrics/WECC_wtk_bchrrr_nsrdb_2007_2023_scenario_metrics.csv.gz,wtk_bchrrr_nsrdb_2007_2023/pooled_scenario_metrics/WECC_wtk_bchrrr_nsrdb_2007_2023_scenario_metrics.csv,wxdata_wtk_bchrrr_nsrdb_2007_2023.zip,a9d03e21a4eaf447e3b33ca02f70b4793579f4ee8fa38908dc9d9a6d432f71d5,time_utc|scenario|load_mw|net_load_mw|renew_cf_equiv,,,,notebooks/data_flow/ba_stress_event_catalog.ipynb,893520,22504310,cb1da956a99bb3fcf89e9045782b12eab11b9e30fffe211652c908fa9c8116d0
data_inputs/examples/wtk_bchrrr_nsrdb_2007_2023/state_load/IA_wtk_bchrrr_nsrdb_2007_2023_load.parquet,wtk_bchrrr_nsrdb_2007_2023/state_load/IA_wtk_bchrrr_nsrdb_2007_2023_load.parquet,wxdata_wtk_bchrrr_nsrdb_2007_2023.zip,2c401a64f12ace6b1407da9426abaae849e75b4230b6695102d584b1fe7f4a1d,time_utc|load_mw__raw,2007,2023,,notebooks/validation/state_historical_taiesm_validation.ipynb,149016,971835,95aae19abd91ea5aa0728338298595ff907605710ad24894c91d6719addd753b
data_inputs/examples/wtk_bchrrr_nsrdb_2007_2023/state_solar_cf/IA_wtk_bchrrr_nsrdb_2007_2023_solar_cf.parquet,wtk_bchrrr_nsrdb_2007_2023/state_solar_cf/IA_wtk_bchrrr_nsrdb_2007_2023_solar_cf.parquet,wxdata_wtk_bchrrr_nsrdb_2007_2023.zip,3ad60b9f4580ca27715865a32f4dde326146e49d0b30f5bc677664b68f7fe036,time_utc|solar_cf,2007,2023,,notebooks/validation/state_historical_taiesm_validation.ipynb,148920,566036,10512da58cfaebd1e390d222d70a37e4845b45d068754439a49c26d0a6d2b677
data_inputs/examples/wtk_bchrrr_nsrdb_2007_2023/state_weather/IA_wtk_bchrrr_nsrdb_2007_2023_weather.csv.gz,wtk_bchrrr_nsrdb_2007_2023/state_weather/IA_wtk_bchrrr_nsrdb_2007_2023_weather.csv,wxdata_wtk_bchrrr_nsrdb_2007_2023.zip,b729ea9a63a94c9997d8fce0baeb1f497cf70457809a880df684291047b406c3,time_utc|temperature_2m|specifichumidity_2m|windspeed_10m|ghi|relativehumidity_2m|pressure_0m,2007,2023,,notebooks/validation/state_historical_taiesm_validation.ipynb,149016,7758587,90826d8b6876edbf7b04cf572e296ace13a6b638a2d63c5eb3487aaebd42d154
data_inputs/examples/wtk_bchrrr_nsrdb_2007_2023/state_wind_cf/IA_wtk_bchrrr_nsrdb_2007_2023_wind_cf.parquet,wtk_bchrrr_nsrdb_2007_2023/state_wind_cf/IA_wtk_bchrrr_nsrdb_2007_2023_wind_cf.parquet,wxdata_wtk_bchrrr_nsrdb_2007_2023.zip,2b9d84f8b28c3a34de6da2e17796f497b11b78bdb315fe57cd22cc3b8609aca9,time_utc|wind_cf,2007,2023,,notebooks/validation/state_historical_taiesm_validation.ipynb,148920,1028297,22a44fa4a83aa404fc3afebea1cc46f5bd509600fc5f6a15615e5515ace339dc
