ba_code,metric,scenario,source_path,wind_capacity_mw,solar_capacity_mw,total_capacity_mw,installed_wind_capacity_mw,installed_solar_capacity_mw,installed_total_capacity_mw,ba_type,has_load,has_wind,has_solar,has_renewable,peak_load_mw,average_load_mw
MISO_NCA,load_mw,installed_2024,data_inputs/wtk_bchrrr_nsrdb_2007_2023/pooled_scenario_metrics/MISO_NCA_wtk_bchrrr_nsrdb_2007_2023_scenario_metrics.csv,31966.199975,9781.199987,41747.399962,31966.199975,9781.199987,41747.399962,load + wind + solar,True,True,True,True,96832.85,53899.719758
MISO_NCA,net_load_mw__installed_2024,installed_2024,data_inputs/wtk_bchrrr_nsrdb_2007_2023/pooled_scenario_metrics/MISO_NCA_wtk_bchrrr_nsrdb_2007_2023_scenario_metrics.csv,31966.199975,9781.199987,41747.399962,31966.199975,9781.199987,41747.399962,load + wind + solar,True,True,True,True,96832.85,53899.719758
MISO_NCA,renew_cf_equiv__installed_2024,installed_2024,data_inputs/wtk_bchrrr_nsrdb_2007_2023/pooled_scenario_metrics/MISO_NCA_wtk_bchrrr_nsrdb_2007_2023_scenario_metrics.csv,31966.199975,9781.199987,41747.399962,31966.199975,9781.199987,41747.399962,load + wind + solar,True,True,True,True,96832.85,53899.719758
MISO_NCA,net_load_mw__split_w00_s100,split_w00_s100,data_inputs/wtk_bchrrr_nsrdb_2007_2023/pooled_scenario_metrics/MISO_NCA_wtk_bchrrr_nsrdb_2007_2023_scenario_metrics.csv,0.0,41747.399962,41747.399962,31966.199975,9781.199987,41747.399962,load + wind + solar,True,True,True,True,96832.85,53899.719758
MISO_NCA,renew_cf_equiv__split_w00_s100,split_w00_s100,data_inputs/wtk_bchrrr_nsrdb_2007_2023/pooled_scenario_metrics/MISO_NCA_wtk_bchrrr_nsrdb_2007_2023_scenario_metrics.csv,0.0,41747.399962,41747.399962,31966.199975,9781.199987,41747.399962,load + wind + solar,True,True,True,True,96832.85,53899.719758
MISO_NCA,net_load_mw__split_w25_s75,split_w25_s75,data_inputs/wtk_bchrrr_nsrdb_2007_2023/pooled_scenario_metrics/MISO_NCA_wtk_bchrrr_nsrdb_2007_2023_scenario_metrics.csv,10436.849991,31310.549972,41747.399962,31966.199975,9781.199987,41747.399962,load + wind + solar,True,True,True,True,96832.85,53899.719758
MISO_NCA,renew_cf_equiv__split_w25_s75,split_w25_s75,data_inputs/wtk_bchrrr_nsrdb_2007_2023/pooled_scenario_metrics/MISO_NCA_wtk_bchrrr_nsrdb_2007_2023_scenario_metrics.csv,10436.849991,31310.549972,41747.399962,31966.199975,9781.199987,41747.399962,load + wind + solar,True,True,True,True,96832.85,53899.719758
MISO_NCA,net_load_mw__split_w50_s50,split_w50_s50,data_inputs/wtk_bchrrr_nsrdb_2007_2023/pooled_scenario_metrics/MISO_NCA_wtk_bchrrr_nsrdb_2007_2023_scenario_metrics.csv,20873.699981,20873.699981,41747.399962,31966.199975,9781.199987,41747.399962,load + wind + solar,True,True,True,True,96832.85,53899.719758
MISO_NCA,renew_cf_equiv__split_w50_s50,split_w50_s50,data_inputs/wtk_bchrrr_nsrdb_2007_2023/pooled_scenario_metrics/MISO_NCA_wtk_bchrrr_nsrdb_2007_2023_scenario_metrics.csv,20873.699981,20873.699981,41747.399962,31966.199975,9781.199987,41747.399962,load + wind + solar,True,True,True,True,96832.85,53899.719758
MISO_NCA,net_load_mw__split_w75_s25,split_w75_s25,data_inputs/wtk_bchrrr_nsrdb_2007_2023/pooled_scenario_metrics/MISO_NCA_wtk_bchrrr_nsrdb_2007_2023_scenario_metrics.csv,31310.549972,10436.849991,41747.399962,31966.199975,9781.199987,41747.399962,load + wind + solar,True,True,True,True,96832.85,53899.719758
MISO_NCA,renew_cf_equiv__split_w75_s25,split_w75_s25,data_inputs/wtk_bchrrr_nsrdb_2007_2023/pooled_scenario_metrics/MISO_NCA_wtk_bchrrr_nsrdb_2007_2023_scenario_metrics.csv,31310.549972,10436.849991,41747.399962,31966.199975,9781.199987,41747.399962,load + wind + solar,True,True,True,True,96832.85,53899.719758
MISO_NCA,net_load_mw__split_w100_s00,split_w100_s00,data_inputs/wtk_bchrrr_nsrdb_2007_2023/pooled_scenario_metrics/MISO_NCA_wtk_bchrrr_nsrdb_2007_2023_scenario_metrics.csv,41747.399962,0.0,41747.399962,31966.199975,9781.199987,41747.399962,load + wind + solar,True,True,True,True,96832.85,53899.719758
MISO_NCA,renew_cf_equiv__split_w100_s00,split_w100_s00,data_inputs/wtk_bchrrr_nsrdb_2007_2023/pooled_scenario_metrics/MISO_NCA_wtk_bchrrr_nsrdb_2007_2023_scenario_metrics.csv,41747.399962,0.0,41747.399962,31966.199975,9781.199987,41747.399962,load + wind + solar,True,True,True,True,96832.85,53899.719758
MISO_SA,load_mw,installed_2024,data_inputs/wtk_bchrrr_nsrdb_2007_2023/pooled_scenario_metrics/MISO_SA_wtk_bchrrr_nsrdb_2007_2023_scenario_metrics.csv,184.5,3793.7,3978.2,184.5,3793.7,3978.2,load + wind + solar,True,True,True,True,34033.36,19500.655628
MISO_SA,net_load_mw__installed_2024,installed_2024,data_inputs/wtk_bchrrr_nsrdb_2007_2023/pooled_scenario_metrics/MISO_SA_wtk_bchrrr_nsrdb_2007_2023_scenario_metrics.csv,184.5,3793.7,3978.2,184.5,3793.7,3978.2,load + wind + solar,True,True,True,True,34033.36,19500.655628
MISO_SA,renew_cf_equiv__installed_2024,installed_2024,data_inputs/wtk_bchrrr_nsrdb_2007_2023/pooled_scenario_metrics/MISO_SA_wtk_bchrrr_nsrdb_2007_2023_scenario_metrics.csv,184.5,3793.7,3978.2,184.5,3793.7,3978.2,load + wind + solar,True,True,True,True,34033.36,19500.655628
MISO_SA,net_load_mw__split_w00_s100,split_w00_s100,data_inputs/wtk_bchrrr_nsrdb_2007_2023/pooled_scenario_metrics/MISO_SA_wtk_bchrrr_nsrdb_2007_2023_scenario_metrics.csv,0.0,3978.2,3978.2,184.5,3793.7,3978.2,load + wind + solar,True,True,True,True,34033.36,19500.655628
MISO_SA,renew_cf_equiv__split_w00_s100,split_w00_s100,data_inputs/wtk_bchrrr_nsrdb_2007_2023/pooled_scenario_metrics/MISO_SA_wtk_bchrrr_nsrdb_2007_2023_scenario_metrics.csv,0.0,3978.2,3978.2,184.5,3793.7,3978.2,load + wind + solar,True,True,True,True,34033.36,19500.655628
MISO_SA,net_load_mw__split_w25_s75,split_w25_s75,data_inputs/wtk_bchrrr_nsrdb_2007_2023/pooled_scenario_metrics/MISO_SA_wtk_bchrrr_nsrdb_2007_2023_scenario_metrics.csv,994.55,2983.65,3978.2,184.5,3793.7,3978.2,load + wind + solar,True,True,True,True,34033.36,19500.655628
MISO_SA,renew_cf_equiv__split_w25_s75,split_w25_s75,data_inputs/wtk_bchrrr_nsrdb_2007_2023/pooled_scenario_metrics/MISO_SA_wtk_bchrrr_nsrdb_2007_2023_scenario_metrics.csv,994.55,2983.65,3978.2,184.5,3793.7,3978.2,load + wind + solar,True,True,True,True,34033.36,19500.655628
MISO_SA,net_load_mw__split_w50_s50,split_w50_s50,data_inputs/wtk_bchrrr_nsrdb_2007_2023/pooled_scenario_metrics/MISO_SA_wtk_bchrrr_nsrdb_2007_2023_scenario_metrics.csv,1989.1,1989.1,3978.2,184.5,3793.7,3978.2,load + wind + solar,True,True,True,True,34033.36,19500.655628
MISO_SA,renew_cf_equiv__split_w50_s50,split_w50_s50,data_inputs/wtk_bchrrr_nsrdb_2007_2023/pooled_scenario_metrics/MISO_SA_wtk_bchrrr_nsrdb_2007_2023_scenario_metrics.csv,1989.1,1989.1,3978.2,184.5,3793.7,3978.2,load + wind + solar,True,True,True,True,34033.36,19500.655628
MISO_SA,net_load_mw__split_w75_s25,split_w75_s25,data_inputs/wtk_bchrrr_nsrdb_2007_2023/pooled_scenario_metrics/MISO_SA_wtk_bchrrr_nsrdb_2007_2023_scenario_metrics.csv,2983.65,994.55,3978.2,184.5,3793.7,3978.2,load + wind + solar,True,True,True,True,34033.36,19500.655628
MISO_SA,renew_cf_equiv__split_w75_s25,split_w75_s25,data_inputs/wtk_bchrrr_nsrdb_2007_2023/pooled_scenario_metrics/MISO_SA_wtk_bchrrr_nsrdb_2007_2023_scenario_metrics.csv,2983.65,994.55,3978.2,184.5,3793.7,3978.2,load + wind + solar,True,True,True,True,34033.36,19500.655628
MISO_SA,net_load_mw__split_w100_s00,split_w100_s00,data_inputs/wtk_bchrrr_nsrdb_2007_2023/pooled_scenario_metrics/MISO_SA_wtk_bchrrr_nsrdb_2007_2023_scenario_metrics.csv,3978.2,0.0,3978.2,184.5,3793.7,3978.2,load + wind + solar,True,True,True,True,34033.36,19500.655628
MISO_SA,renew_cf_equiv__split_w100_s00,split_w100_s00,data_inputs/wtk_bchrrr_nsrdb_2007_2023/pooled_scenario_metrics/MISO_SA_wtk_bchrrr_nsrdb_2007_2023_scenario_metrics.csv,3978.2,0.0,3978.2,184.5,3793.7,3978.2,load + wind + solar,True,True,True,True,34033.36,19500.655628
MISO_SUBREGION_SUM,load_mw,installed_2024,data_inputs/wtk_bchrrr_nsrdb_2007_2023/pooled_scenario_metrics/MISO_SUBREGION_SUM_wtk_bchrrr_nsrdb_2007_2023_scenario_metrics.csv,32150.699975,13574.899987,45725.599963,32150.699975,13574.899987,45725.599963,load + wind + solar,True,True,True,True,126310.88,73400.375386
MISO_SUBREGION_SUM,net_load_mw__installed_2024,installed_2024,data_inputs/wtk_bchrrr_nsrdb_2007_2023/pooled_scenario_metrics/MISO_SUBREGION_SUM_wtk_bchrrr_nsrdb_2007_2023_scenario_metrics.csv,32150.699975,13574.899987,45725.599963,32150.699975,13574.899987,45725.599963,load + wind + solar,True,True,True,True,126310.88,73400.375386
MISO_SUBREGION_SUM,renew_cf_equiv__installed_2024,installed_2024,data_inputs/wtk_bchrrr_nsrdb_2007_2023/pooled_scenario_metrics/MISO_SUBREGION_SUM_wtk_bchrrr_nsrdb_2007_2023_scenario_metrics.csv,32150.699975,13574.899987,45725.599963,32150.699975,13574.899987,45725.599963,load + wind + solar,True,True,True,True,126310.88,73400.375386
MISO_SUBREGION_SUM,net_load_mw__split_w00_s100,split_w00_s100,data_inputs/wtk_bchrrr_nsrdb_2007_2023/pooled_scenario_metrics/MISO_SUBREGION_SUM_wtk_bchrrr_nsrdb_2007_2023_scenario_metrics.csv,0.0,45725.599963,45725.599963,32150.699975,13574.899987,45725.599963,load + wind + solar,True,True,True,True,126310.88,73400.375386
MISO_SUBREGION_SUM,renew_cf_equiv__split_w00_s100,split_w00_s100,data_inputs/wtk_bchrrr_nsrdb_2007_2023/pooled_scenario_metrics/MISO_SUBREGION_SUM_wtk_bchrrr_nsrdb_2007_2023_scenario_metrics.csv,0.0,45725.599963,45725.599963,32150.699975,13574.899987,45725.599963,load + wind + solar,True,True,True,True,126310.88,73400.375386
MISO_SUBREGION_SUM,net_load_mw__split_w25_s75,split_w25_s75,data_inputs/wtk_bchrrr_nsrdb_2007_2023/pooled_scenario_metrics/MISO_SUBREGION_SUM_wtk_bchrrr_nsrdb_2007_2023_scenario_metrics.csv,11431.399991,34294.199972,45725.599963,32150.699975,13574.899987,45725.599963,load + wind + solar,True,True,True,True,126310.88,73400.375386
MISO_SUBREGION_SUM,renew_cf_equiv__split_w25_s75,split_w25_s75,data_inputs/wtk_bchrrr_nsrdb_2007_2023/pooled_scenario_metrics/MISO_SUBREGION_SUM_wtk_bchrrr_nsrdb_2007_2023_scenario_metrics.csv,11431.399991,34294.199972,45725.599963,32150.699975,13574.899987,45725.599963,load + wind + solar,True,True,True,True,126310.88,73400.375386
MISO_SUBREGION_SUM,net_load_mw__split_w50_s50,split_w50_s50,data_inputs/wtk_bchrrr_nsrdb_2007_2023/pooled_scenario_metrics/MISO_SUBREGION_SUM_wtk_bchrrr_nsrdb_2007_2023_scenario_metrics.csv,22862.799981,22862.799981,45725.599963,32150.699975,13574.899987,45725.599963,load + wind + solar,True,True,True,True,126310.88,73400.375386
MISO_SUBREGION_SUM,renew_cf_equiv__split_w50_s50,split_w50_s50,data_inputs/wtk_bchrrr_nsrdb_2007_2023/pooled_scenario_metrics/MISO_SUBREGION_SUM_wtk_bchrrr_nsrdb_2007_2023_scenario_metrics.csv,22862.799981,22862.799981,45725.599963,32150.699975,13574.899987,45725.599963,load + wind + solar,True,True,True,True,126310.88,73400.375386
MISO_SUBREGION_SUM,net_load_mw__split_w75_s25,split_w75_s25,data_inputs/wtk_bchrrr_nsrdb_2007_2023/pooled_scenario_metrics/MISO_SUBREGION_SUM_wtk_bchrrr_nsrdb_2007_2023_scenario_metrics.csv,34294.199972,11431.399991,45725.599963,32150.699975,13574.899987,45725.599963,load + wind + solar,True,True,True,True,126310.88,73400.375386
MISO_SUBREGION_SUM,renew_cf_equiv__split_w75_s25,split_w75_s25,data_inputs/wtk_bchrrr_nsrdb_2007_2023/pooled_scenario_metrics/MISO_SUBREGION_SUM_wtk_bchrrr_nsrdb_2007_2023_scenario_metrics.csv,34294.199972,11431.399991,45725.599963,32150.699975,13574.899987,45725.599963,load + wind + solar,True,True,True,True,126310.88,73400.375386
MISO_SUBREGION_SUM,net_load_mw__split_w100_s00,split_w100_s00,data_inputs/wtk_bchrrr_nsrdb_2007_2023/pooled_scenario_metrics/MISO_SUBREGION_SUM_wtk_bchrrr_nsrdb_2007_2023_scenario_metrics.csv,45725.599963,0.0,45725.599963,32150.699975,13574.899987,45725.599963,load + wind + solar,True,True,True,True,126310.88,73400.375386
MISO_SUBREGION_SUM,renew_cf_equiv__split_w100_s00,split_w100_s00,data_inputs/wtk_bchrrr_nsrdb_2007_2023/pooled_scenario_metrics/MISO_SUBREGION_SUM_wtk_bchrrr_nsrdb_2007_2023_scenario_metrics.csv,45725.599963,0.0,45725.599963,32150.699975,13574.899987,45725.599963,load + wind + solar,True,True,True,True,126310.88,73400.375386
ROE,load_mw,installed_2024,data_inputs/wtk_bchrrr_nsrdb_2007_2023/pooled_scenario_metrics/ROE_wtk_bchrrr_nsrdb_2007_2023_scenario_metrics.csv,51006.4,45899.4,96905.8,51006.4,45899.4,96905.8,load + wind + solar,True,True,True,True,447684.96,260074.906357
ROE,net_load_mw__installed_2024,installed_2024,data_inputs/wtk_bchrrr_nsrdb_2007_2023/pooled_scenario_metrics/ROE_wtk_bchrrr_nsrdb_2007_2023_scenario_metrics.csv,51006.4,45899.4,96905.8,51006.4,45899.4,96905.8,load + wind + solar,True,True,True,True,447684.96,260074.906357
ROE,renew_cf_equiv__installed_2024,installed_2024,data_inputs/wtk_bchrrr_nsrdb_2007_2023/pooled_scenario_metrics/ROE_wtk_bchrrr_nsrdb_2007_2023_scenario_metrics.csv,51006.4,45899.4,96905.8,51006.4,45899.4,96905.8,load + wind + solar,True,True,True,True,447684.96,260074.906357
ROE,net_load_mw__split_w00_s100,split_w00_s100,data_inputs/wtk_bchrrr_nsrdb_2007_2023/pooled_scenario_metrics/ROE_wtk_bchrrr_nsrdb_2007_2023_scenario_metrics.csv,0.0,96905.8,96905.8,51006.4,45899.4,96905.8,load + wind + solar,True,True,True,True,447684.96,260074.906357
ROE,renew_cf_equiv__split_w00_s100,split_w00_s100,data_inputs/wtk_bchrrr_nsrdb_2007_2023/pooled_scenario_metrics/ROE_wtk_bchrrr_nsrdb_2007_2023_scenario_metrics.csv,0.0,96905.8,96905.8,51006.4,45899.4,96905.8,load + wind + solar,True,True,True,True,447684.96,260074.906357
ROE,net_load_mw__split_w25_s75,split_w25_s75,data_inputs/wtk_bchrrr_nsrdb_2007_2023/pooled_scenario_metrics/ROE_wtk_bchrrr_nsrdb_2007_2023_scenario_metrics.csv,24226.45,72679.35,96905.8,51006.4,45899.4,96905.8,load + wind + solar,True,True,True,True,447684.96,260074.906357
ROE,renew_cf_equiv__split_w25_s75,split_w25_s75,data_inputs/wtk_bchrrr_nsrdb_2007_2023/pooled_scenario_metrics/ROE_wtk_bchrrr_nsrdb_2007_2023_scenario_metrics.csv,24226.45,72679.35,96905.8,51006.4,45899.4,96905.8,load + wind + solar,True,True,True,True,447684.96,260074.906357
ROE,net_load_mw__split_w50_s50,split_w50_s50,data_inputs/wtk_bchrrr_nsrdb_2007_2023/pooled_scenario_metrics/ROE_wtk_bchrrr_nsrdb_2007_2023_scenario_metrics.csv,48452.9,48452.9,96905.8,51006.4,45899.4,96905.8,load + wind + solar,True,True,True,True,447684.96,260074.906357
ROE,renew_cf_equiv__split_w50_s50,split_w50_s50,data_inputs/wtk_bchrrr_nsrdb_2007_2023/pooled_scenario_metrics/ROE_wtk_bchrrr_nsrdb_2007_2023_scenario_metrics.csv,48452.9,48452.9,96905.8,51006.4,45899.4,96905.8,load + wind + solar,True,True,True,True,447684.96,260074.906357
ROE,net_load_mw__split_w75_s25,split_w75_s25,data_inputs/wtk_bchrrr_nsrdb_2007_2023/pooled_scenario_metrics/ROE_wtk_bchrrr_nsrdb_2007_2023_scenario_metrics.csv,72679.35,24226.45,96905.8,51006.4,45899.4,96905.8,load + wind + solar,True,True,True,True,447684.96,260074.906357
ROE,renew_cf_equiv__split_w75_s25,split_w75_s25,data_inputs/wtk_bchrrr_nsrdb_2007_2023/pooled_scenario_metrics/ROE_wtk_bchrrr_nsrdb_2007_2023_scenario_metrics.csv,72679.35,24226.45,96905.8,51006.4,45899.4,96905.8,load + wind + solar,True,True,True,True,447684.96,260074.906357
ROE,net_load_mw__split_w100_s00,split_w100_s00,data_inputs/wtk_bchrrr_nsrdb_2007_2023/pooled_scenario_metrics/ROE_wtk_bchrrr_nsrdb_2007_2023_scenario_metrics.csv,96905.8,0.0,96905.8,51006.4,45899.4,96905.8,load + wind + solar,True,True,True,True,447684.96,260074.906357
ROE,renew_cf_equiv__split_w100_s00,split_w100_s00,data_inputs/wtk_bchrrr_nsrdb_2007_2023/pooled_scenario_metrics/ROE_wtk_bchrrr_nsrdb_2007_2023_scenario_metrics.csv,96905.8,0.0,96905.8,51006.4,45899.4,96905.8,load + wind + solar,True,True,True,True,447684.96,260074.906357
WECC,load_mw,installed_2024,data_inputs/wtk_bchrrr_nsrdb_2007_2023/pooled_scenario_metrics/WECC_wtk_bchrrr_nsrdb_2007_2023_scenario_metrics.csv,31300.5,40775.9,72076.4,31300.5,40775.9,72076.4,load + wind + solar,True,True,True,True,145029.98,82676.1243
WECC,net_load_mw__installed_2024,installed_2024,data_inputs/wtk_bchrrr_nsrdb_2007_2023/pooled_scenario_metrics/WECC_wtk_bchrrr_nsrdb_2007_2023_scenario_metrics.csv,31300.5,40775.9,72076.4,31300.5,40775.9,72076.4,load + wind + solar,True,True,True,True,145029.98,82676.1243
WECC,renew_cf_equiv__installed_2024,installed_2024,data_inputs/wtk_bchrrr_nsrdb_2007_2023/pooled_scenario_metrics/WECC_wtk_bchrrr_nsrdb_2007_2023_scenario_metrics.csv,31300.5,40775.9,72076.4,31300.5,40775.9,72076.4,load + wind + solar,True,True,True,True,145029.98,82676.1243
WECC,net_load_mw__split_w00_s100,split_w00_s100,data_inputs/wtk_bchrrr_nsrdb_2007_2023/pooled_scenario_metrics/WECC_wtk_bchrrr_nsrdb_2007_2023_scenario_metrics.csv,0.0,72076.4,72076.4,31300.5,40775.9,72076.4,load + wind + solar,True,True,True,True,145029.98,82676.1243
WECC,renew_cf_equiv__split_w00_s100,split_w00_s100,data_inputs/wtk_bchrrr_nsrdb_2007_2023/pooled_scenario_metrics/WECC_wtk_bchrrr_nsrdb_2007_2023_scenario_metrics.csv,0.0,72076.4,72076.4,31300.5,40775.9,72076.4,load + wind + solar,True,True,True,True,145029.98,82676.1243
WECC,net_load_mw__split_w25_s75,split_w25_s75,data_inputs/wtk_bchrrr_nsrdb_2007_2023/pooled_scenario_metrics/WECC_wtk_bchrrr_nsrdb_2007_2023_scenario_metrics.csv,18019.1,54057.3,72076.4,31300.5,40775.9,72076.4,load + wind + solar,True,True,True,True,145029.98,82676.1243
WECC,renew_cf_equiv__split_w25_s75,split_w25_s75,data_inputs/wtk_bchrrr_nsrdb_2007_2023/pooled_scenario_metrics/WECC_wtk_bchrrr_nsrdb_2007_2023_scenario_metrics.csv,18019.1,54057.3,72076.4,31300.5,40775.9,72076.4,load + wind + solar,True,True,True,True,145029.98,82676.1243
WECC,net_load_mw__split_w50_s50,split_w50_s50,data_inputs/wtk_bchrrr_nsrdb_2007_2023/pooled_scenario_metrics/WECC_wtk_bchrrr_nsrdb_2007_2023_scenario_metrics.csv,36038.2,36038.2,72076.4,31300.5,40775.9,72076.4,load + wind + solar,True,True,True,True,145029.98,82676.1243
WECC,renew_cf_equiv__split_w50_s50,split_w50_s50,data_inputs/wtk_bchrrr_nsrdb_2007_2023/pooled_scenario_metrics/WECC_wtk_bchrrr_nsrdb_2007_2023_scenario_metrics.csv,36038.2,36038.2,72076.4,31300.5,40775.9,72076.4,load + wind + solar,True,True,True,True,145029.98,82676.1243
WECC,net_load_mw__split_w75_s25,split_w75_s25,data_inputs/wtk_bchrrr_nsrdb_2007_2023/pooled_scenario_metrics/WECC_wtk_bchrrr_nsrdb_2007_2023_scenario_metrics.csv,54057.3,18019.1,72076.4,31300.5,40775.9,72076.4,load + wind + solar,True,True,True,True,145029.98,82676.1243
WECC,renew_cf_equiv__split_w75_s25,split_w75_s25,data_inputs/wtk_bchrrr_nsrdb_2007_2023/pooled_scenario_metrics/WECC_wtk_bchrrr_nsrdb_2007_2023_scenario_metrics.csv,54057.3,18019.1,72076.4,31300.5,40775.9,72076.4,load + wind + solar,True,True,True,True,145029.98,82676.1243
WECC,net_load_mw__split_w100_s00,split_w100_s00,data_inputs/wtk_bchrrr_nsrdb_2007_2023/pooled_scenario_metrics/WECC_wtk_bchrrr_nsrdb_2007_2023_scenario_metrics.csv,72076.4,0.0,72076.4,31300.5,40775.9,72076.4,load + wind + solar,True,True,True,True,145029.98,82676.1243
WECC,renew_cf_equiv__split_w100_s00,split_w100_s00,data_inputs/wtk_bchrrr_nsrdb_2007_2023/pooled_scenario_metrics/WECC_wtk_bchrrr_nsrdb_2007_2023_scenario_metrics.csv,72076.4,0.0,72076.4,31300.5,40775.9,72076.4,load + wind + solar,True,True,True,True,145029.98,82676.1243
