county_fips,block_rows,block_population
01001,1512,58805
01003,6337,231767
01005,1283,25223
01007,1090,22293
01009,2404,59134
01011,573,10357
01013,1238,19051
01015,4873,116441
01017,1717,34772
01019,1565,24971
01021,1749,45014
01023,852,12665
01025,1282,23087
01027,1216,14236
01029,1094,15056
01031,1887,53465
01033,2927,57227
01035,956,11597
01037,936,10387
01039,2537,37570
01041,926,13194
01043,3822,87866
01045,1971,49326
01047,2008,38462
01049,3636,71608
01051,2487,87977
01053,2315,36757
01055,4186,103436
01057,1245,16321
01059,1854,32113
01061,1958,26659
01063,856,7730
01065,874,14785
01067,1112,17146
01069,3612,107202
01071,3186,52579
01073,24469,674721
01075,1178,13972
01077,3444,93564
01079,2017,33073
01081,3241,174241
01083,3568,103570
01085,653,10311
01087,1322,19532
01089,8447,388153
01091,1349,19323
01093,2463,29341
01095,3775,97612
01097,9916,414809
01099,1158,19772
01101,4793,228954
01103,4806,123421
01105,736,8511
01107,1114,19123
01109,1434,33009
01111,1419,21967
01113,1771,59183
01115,2665,91103
01117,6190,223024
01119,916,12345
01121,3904,82149
01123,2128,41311
01125,6567,227036
01127,3334,65342
01129,1025,15388
01131,748,10600
01133,1350,23540
02013,610,3420
02016,653,5232
02020,3709,291247
02050,1092,18666
02060,92,844
02063,1084,7102
02066,449,2617
02068,280,1619
02070,314,4857
02090,2867,95655
02100,213,2080
02105,640,2365
02110,588,32255
02122,2700,58799
02130,632,13948
02150,977,13101
02158,642,8368
02164,638,1476
02170,2534,107081
02180,848,10046
02185,911,11031
02188,582,7793
02195,281,3398
02198,1649,5753
02220,715,8458
02230,112,1240
02240,712,6808
02275,313,2127
02282,232,662
02290,1499,5343
04001,7888,66021
04003,6235,125447
04005,9135,145101
04007,2436,53272
04009,1872,38533
04011,645,9563
04012,2316,16557
04013,61427,4420568
04015,10786,213267
04017,8194,106717
04019,16635,1043433
04021,12809,425264
04023,1419,47669
04025,7505,236209
04027,6142,203881
05001,1959,17149
05003,1481,19062
05005,1993,41627
05007,5942,284333
05009,2040,37373
05011,933,10545
05013,823,4739
05015,1517,28260
05017,989,10208
05019,1635,21446
05021,1588,14552
05023,1344,24711
05025,596,7550
05027,1386,22801
05029,1287,20715
05031,3204,111231
05033,2107,60133
05035,2107,48163
05037,1173,16833
05039,1075,6482
05041,1095,11395
05043,1221,17350
05045,2893,123498
05047,1377,17097
05049,1244,12075
05051,3910,100180
05053,1137,17958
05055,1794,45736
05057,1640,20065
05059,1907,33040
05061,1594,12785
05063,1827,37938
05065,1529,13577
05067,1559,16755
05069,3789,67260
05071,1545,25749
05073,984,6308
05075,1540,16216
05077,791,8600
05079,780,12941
05081,1269,12026
05083,1402,21131
05085,2270,74015
05087,825,16521
05089,1373,16826
05091,2035,42600
05093,2722,40685
05095,921,6799
05097,1041,8484
05099,1075,8310
05101,922,7225
05103,1609,22650
05105,934,10019
05107,1407,16568
05109,1458,10171
05111,1711,22965
05113,1836,19221
05115,2424,63381
05117,1100,8282
05119,9543,399125
05121,1183,18571
05123,1494,23090
05125,2956,123416
05127,1085,9836
05129,952,7828
05131,4057,127799
05133,1183,15839
05135,1495,17271
05137,777,12359
05139,2297,39054
05141,1462,15796
05143,5168,245871
05145,2743,76822
05147,838,6269
05149,1520,20263
06001,18475,1682353
06003,202,1204
06005,1181,40474
06007,4933,211632
06009,1863,45292
06011,1612,21839
06013,11772,1165927
06015,1387,27743
06017,4480,191185
06019,16854,1008654
06021,1768,28917
06023,7138,136463
06025,6570,179702
06027,2448,19016
06029,21365,909235
06031,3788,152486
06033,2905,68163
06035,2584,32730
06037,91626,10014009
06039,3863,156255
06041,3264,262321
06043,1103,17131
06045,4249,91601
06047,5560,281202
06049,2715,8700
06051,1402,13195
06053,7079,439035
06055,2031,138019
06057,2833,102241
06059,26734,3186989
06061,6505,404739
06063,2188,19790
06065,29144,2418185
06067,18522,1585055
06069,1396,64209
06071,35839,2181654
06073,28633,3298634
06075,5986,873965
06077,11253,779233
06079,8136,282424
06081,8032,764442
06083,7258,448229
06085,18178,1936259
06087,3570,270861
06089,6403,182155
06091,901,3236
06093,5718,44076
06095,6909,453491
06097,7563,488863
06099,7956,552878
06101,2257,99633
06103,3207,65829
06105,1702,16112
06107,10474,473117
06109,2795,55620
06111,10479,843843
06113,3066,216403
06115,1869,81575
08001,8304,519572
08003,883,16376
08005,7899,655070
08007,672,13359
08009,927,3506
08011,601,5650
08013,6023,330758
08014,1170,74112
08015,1248,19476
08017,435,1748
08019,824,9397
08021,824,7461
08023,1495,3499
08025,365,5922
08027,501,4704
08029,1359,31196
08031,10149,715522
08033,323,2326
08035,4663,357978
08037,2007,55731
08039,835,26062
08041,11930,730395
08043,1834,48939
08045,1991,61685
08047,355,5808
08049,1351,15717
08051,1755,16918
08053,208,788
08055,884,6820
08057,608,1379
08059,8571,582910
08061,457,1446
08063,1184,7087
08065,513,7436
08067,1805,55638
08069,7823,359066
08071,1511,14555
08073,786,5675
08075,1763,21528
08077,4419,155703
08079,194,865
08081,1319,13292
08083,1399,25849
08085,1780,42679
08087,1704,29111
08089,1874,18690
08091,395,4874
08093,1760,17390
08095,894,4530
08097,808,17358
08099,1556,11999
08101,5997,168162
08103,1009,6529
08105,1011,11539
08107,1280,24829
08109,1035,6368
08111,160,705
08113,684,8072
08115,623,2404
08117,1046,31055
08119,1030,24710
08121,1270,4817
08123,8605,328981
08125,1657,9988
09001,10997,957419
09003,10938,899498
09005,4360,185186
09007,2848,164245
09009,10550,864835
09011,5123,268555
09013,2387,149788
09015,2723,116418
10001,4133,181851
10003,8727,570719
10005,7338,237378
11001,6012,689545
12001,5897,278468
12003,796,28259
12005,5677,175216
12007,823,28303
12009,11389,606612
12011,20939,1944375
12013,862,13648
12015,7358,186847
12017,6152,153843
12019,3057,218245
12021,5104,375752
12023,1974,69698
12027,1059,33976
12029,1370,16759
12031,12996,995567
12033,6826,321905
12035,2440,115378
12037,1299,12451
12039,1513,43826
12041,695,17864
12043,811,12126
12045,1278,14192
12047,881,14004
12049,1059,25327
12051,1880,39619
12053,4872,194515
12055,5767,101235
12057,19461,1459762
12059,1115,19653
12061,4053,159788
12063,2619,47319
12065,711,14510
12067,663,8226
12069,10063,383956
12071,17279,760822
12073,4501,292198
12075,3132,42915
12077,683,7974
12079,1123,17968
12081,7222,399710
12083,11491,375908
12085,2941,158431
12086,31622,2701767
12087,2884,82874
12089,1916,90352
12091,4854,211668
12093,1550,39644
12095,17794,1429908
12097,5769,388656
12099,18134,1492191
12101,8632,561891
12103,18915,959107
12105,14994,725046
12107,3984,73321
12109,4151,273425
12111,7101,329226
12113,4242,188000
12115,9215,434006
12117,6125,470856
12119,3255,129752
12121,1601,43474
12123,1719,21796
12125,849,16147
12127,12904,553543
12129,1203,33764
12131,3299,75305
12133,1523,25318
13001,1661,18444
13003,546,8286
13005,752,11140
13007,383,2876
13009,1099,43799
13011,733,18035
13013,1281,83505
13015,2496,108901
13017,1216,17194
13019,1021,18160
13021,3536,157346
13023,640,12583
13025,876,18021
13027,984,16301
13029,1214,44738
13031,2504,81099
13033,1482,24596
13035,661,25434
13037,434,5573
13039,1914,54768
13043,629,10981
13045,2580,119148
13047,1308,67872
13049,1146,12518
13051,6348,295291
13053,681,9565
13055,914,24965
13057,2956,266620
13059,1809,128671
13061,365,2848
13063,3062,297595
13065,1139,6749
13067,7678,766149
13069,1702,43092
13071,1919,45898
13073,1623,156010
13075,1043,17229
13077,2513,146158
13079,421,12130
13081,1282,20128
13083,707,16251
13085,776,26798
13087,1440,29367
13089,6920,764382
13091,1220,19925
13093,1092,11208
13095,2436,85790
13097,1549,144237
13099,841,10854
13101,413,3697
13103,1367,64769
13105,1045,19637
13107,1696,22768
13109,888,10774
13111,1227,25319
13113,1555,119194
13115,2751,98584
13117,1649,251283
13119,1212,23424
13121,11748,1066710
13123,1242,31353
13125,323,2884
13127,2681,84499
13129,1609,57544
13131,1309,26236
13133,902,18915
13135,6842,957062
13137,1475,46031
13139,3951,203136
13141,632,8735
13143,1207,29919
13145,1019,34668
13147,1214,25828
13149,543,11412
13151,3148,240712
13153,3269,163633
13155,1139,9666
13157,2088,75907
13159,819,14588
13161,817,14779
13163,1385,15709
13165,611,8674
13167,563,9189
13169,692,28347
13171,677,18500
13173,569,9877
13175,2500,49570
13177,601,33163
13179,1589,65256
13181,432,7690
13183,637,16168
13185,2912,118251
13187,891,33488
13189,901,21632
13191,969,10975
13193,947,12082
13195,1141,30120
13197,447,7498
13199,1195,20613
13201,456,6000
13205,1050,21755
13207,991,27957
13209,740,8610
13211,970,20097
13213,787,39973
13215,3209,206922
13217,1936,112483
13219,907,41799
13221,672,14825
13223,1509,168661
13225,849,27981
13227,982,33216
13229,1116,19716
13231,634,18889
13233,1524,42853
13235,548,9855
13237,669,22047
13239,183,2235
13241,983,16883
13243,696,6425
13245,3841,206607
13247,1234,93570
13249,313,4547
13251,986,14067
13253,610,9147
13255,1511,67306
13257,1286,26784
13259,624,5314
13261,1344,29616
13263,633,5733
13265,334,1559
13267,1600,22842
13269,787,7816
13271,959,12477
13273,729,9185
13275,1874,45798
13277,1874,41344
13279,1371,27030
13281,543,12493
13283,548,6406
13285,1921,69426
13287,820,9006
13289,568,8022
13291,1054,24632
13293,1107,27700
13295,2014,67654
13297,1779,96673
13299,2457,36251
13301,741,5215
13303,1561,19988
13305,1892,30144
13307,313,2348
13309,501,7471
13311,913,28003
13313,2376,102864
13315,723,8766
13317,665,9565
13319,680,8877
13321,1249,20784
15001,4166,200629
15003,7125,1016508
15005,50,82
15007,1344,73298
15009,2047,164754
16001,8535,494967
16003,1264,4379
16005,2646,87018
16007,1010,6372
16009,915,9530
16011,2443,47992
16013,1548,24272
16015,1492,7610
16017,2616,47110
16019,3801,123964
16021,845,12056
16023,555,2574
16025,512,1077
16027,6085,231105
16029,1214,7027
16031,1651,24655
16033,968,790
16035,1612,8734
16037,1093,4275
16039,2159,28666
16041,891,14194
16043,1812,13388
16045,988,19123
16047,1320,15598
16049,2644,16541
16051,1407,30891
16053,1380,24237
16055,4701,171362
16057,1608,39517
16059,1731,7974
16061,584,3533
16063,977,5127
16065,1033,52913
16067,1761,21613
16069,1595,42090
16071,645,4564
16073,2639,11913
16075,1086,25386
16077,1027,7878
16079,1857,13169
16081,754,11630
16083,3274,90046
16085,2196,11746
16087,1005,10500
17001,3065,65737
17003,817,5240
17005,1302,16725
17007,1491,53448
17009,591,6244
17011,3173,33244
17013,421,4437
17015,1286,15702
17017,1262,13042
17019,6122,205865
17021,2677,34032
17023,1640,15455
17025,1378,13288
17027,2112,36899
17029,2551,46863
17031,83018,5275541
17033,1509,18679
17035,1223,10450
17037,3268,100420
17039,1692,15516
17041,1775,19740
17043,15212,932877
17045,2022,16866
17047,620,6245
17049,2007,34668
17051,2154,21488
17053,1505,13534
17055,3738,37804
17057,2807,33609
17059,731,4946
17061,1361,11985
17063,2717,52533
17065,1201,7993
17067,2158,17620
17069,320,3649
17071,1035,6387
17073,2881,49284
17075,3211,27077
17077,2773,52974
17079,1112,9287
17081,2535,37113
17083,1004,21512
17085,1649,22035
17087,1019,13308
17089,9827,516522
17091,3773,107502
17093,2924,131869
17095,2758,49967
17097,13151,714342
17099,5631,109658
17101,1209,15280
17103,2402,34145
17105,3453,35815
17107,2629,27987
17109,2041,27238
17111,7059,310229
17113,5893,170954
17115,4287,103998
17117,3605,44967
17119,8477,265859
17121,3051,37729
17123,1313,11742
17125,1571,13086
17127,959,14169
17129,958,12297
17131,1480,15699
17133,1465,34962
17135,2846,28288
17137,2017,32915
17139,1156,14526
17141,2928,51788
17143,5132,181830
17145,1345,20945
17147,1470,16673
17149,2007,14739
17151,346,3763
17153,928,5193
17155,544,5637
17157,2197,30163
17159,1201,15813
17161,4014,144672
17163,9138,257400
17165,1936,23768
17167,7340,196343
17169,781,6902
17171,661,4949
17173,2605,20990
17175,676,5400
17177,2068,44630
17179,4647,131343
17181,1263,17244
17183,4943,74188
17185,870,11361
17187,1603,16835
17189,1417,13761
17191,1704,16179
17193,1538,13877
17195,3477,55691
17197,12901,696355
17199,3840,67153
17201,8246,285350
17203,2132,38467
18001,1291,35809
18003,7106,385410
18005,2513,82208
18007,1054,8719
18009,930,12112
18011,2074,70812
18013,585,15475
18015,1373,20306
18017,2195,37870
18019,2893,121093
18021,1531,26466
18023,1609,33190
18025,822,10526
18027,1997,33381
18029,1376,50679
18031,1334,26472
18033,1975,43265
18035,3734,111903
18037,1822,43637
18039,4581,207047
18041,1006,23398
18043,1392,80484
18045,1285,16479
18047,1143,22785
18049,1143,20480
18051,2349,33011
18053,3210,66674
18055,1955,30803
18057,5486,347467
18059,1947,79840
18061,1135,39654
18063,3593,174788
18065,2492,48914
18067,2824,83658
18069,1897,36662
18071,1919,46428
18073,1542,32918
18075,1365,20478
18077,1359,33147
18079,1215,27613
18081,2867,161765
18083,2439,36282
18085,3367,80240
18087,1292,40446
18089,11050,498700
18091,3928,112417
18093,1810,45011
18095,4326,130129
18097,13827,977203
18099,2187,46095
18101,1000,9812
18103,1687,35962
18105,2399,139718
18107,1705,37936
18109,2293,71780
18111,1012,13830
18113,1745,47457
18115,253,5940
18117,1140,19867
18119,981,21321
18121,1156,16156
18123,1058,19170
18125,1173,12250
18127,3639,173215
18129,1427,25222
18131,1302,12514
18133,1436,36726
18135,1768,24502
18137,1405,28995
18139,1114,16752
18141,8260,272912
18143,842,24384
18145,1875,45055
18147,1506,19810
18149,1346,23371
18151,1578,34435
18153,1560,20817
18155,547,9737
18157,3402,186251
18159,959,15359
18161,510,7087
18163,3544,180136
18165,1430,15439
18167,4901,106153
18169,1828,30976
18171,830,8440
18173,1735,63898
18175,1300,28182
18177,2621,66553
18179,1217,28180
18181,1777,24688
18183,1162,34191
19001,1238,7496
19003,1016,3704
19005,1141,14061
19007,1241,12317
19009,955,5674
19011,2072,25575
19013,4346,131144
19015,2010,26715
19017,1418,24988
19019,1698,20565
19021,1477,20823
19023,1411,14334
19025,1501,9927
19027,1680,20760
19029,1572,13127
19031,1508,18505
19033,2273,43127
19035,1487,11658
19037,1273,12012
19039,939,9748
19041,1537,16384
19043,1499,17043
19045,2096,46460
19047,1974,16525
19049,2646,99678
19051,1109,9110
19053,1050,7645
19055,1462,17488
19057,1750,38910
19059,1284,17703
19061,2651,99266
19063,928,9388
19065,1958,19509
19067,1494,15627
19069,1435,10019
19071,1244,6605
19073,1356,8771
19075,1030,12329
19077,1445,10623
19079,1432,15039
19081,1346,10795
19083,1704,16878
19085,1705,14582
19087,1595,20482
19089,957,9469
19091,1139,9597
19093,1094,7005
19095,1358,16662
19097,1548,19485
19099,2414,37813
19101,1339,15663
19103,2985,152854
19105,1460,20646
19107,1209,10033
19109,2143,14828
19111,1944,33555
19113,5471,230299
19115,1032,10837
19117,791,8634
19119,1074,11934
19121,1491,16548
19123,1515,22190
19125,1634,33414
19127,2060,40105
19129,1200,14484
19131,1156,10565
19133,1491,8751
19135,766,7577
19137,1385,10330
19139,1778,43235
19141,1564,14182
19143,979,6192
19145,1681,15211
19147,1494,8996
19149,2036,25698
19151,1508,7078
19153,8475,492401
19155,3794,93667
19157,1664,18662
19159,1784,4663
19161,1529,9814
19163,4873,174669
19165,1502,11746
19167,2056,35872
19169,2797,98537
19171,1805,17135
19173,1946,5896
19175,1585,12138
19177,871,7203
19179,2074,35437
19181,1854,52403
19183,1539,22565
19185,1152,6497
19187,2506,36999
19189,939,10679
19191,1480,20070
19193,4636,105941
19195,1042,7443
19197,1614,12943
20001,1773,12526
20003,1256,7836
20005,1208,16348
20007,1057,4228
20009,2276,25493
20011,1645,14360
20013,1583,9508
20015,3544,67380
20017,848,2572
20019,796,3379
20021,2035,19362
20023,803,2616
20025,718,1991
20027,1262,8117
20029,1469,9032
20031,1754,8360
20033,500,1689
20035,2672,34549
20037,2730,38972
20039,862,2764
20041,2465,18402
20043,921,7510
20045,2693,118785
20047,833,2907
20049,846,2483
20051,2296,28934
20053,1205,6376
20055,1664,38470
20057,2215,34287
20059,1859,25996
20061,1489,36739
20063,827,2718
20065,798,2415
20067,874,7352
20069,954,5653
20071,436,1284
20073,1433,6016
20075,624,2518
20077,1357,5485
20079,2032,34024
20081,833,3780
20083,660,1723
20085,1300,13232
20087,1545,18368
20089,1149,2932
20091,8235,609863
20093,798,3983
20095,1481,7470
20097,711,2460
20099,2321,20184
20101,507,1574
20103,2203,81881
20105,832,2939
20107,1545,9591
20109,700,2762
20111,2482,32179
20113,2375,30223
20115,2098,11823
20117,2143,10038
20119,1035,4055
20121,2065,34191
20123,1189,5796
20125,3150,31486
20127,1112,5386
20129,712,2701
20131,1725,10273
20133,1680,15904
20135,920,2687
20137,1070,5459
20139,1814,15766
20141,1149,3500
20143,979,5735
20145,1202,6253
20147,1327,4981
20149,1910,25348
20151,1300,9157
20153,766,2561
20155,3763,61898
20157,1350,4674
20159,1595,9427
20161,2039,71959
20163,1302,4919
20165,1026,2956
20167,1299,6691
20169,2304,54303
20171,723,5151
20173,12158,523824
20175,1351,21964
20177,5007,178909
20179,839,2447
20181,1103,5927
20183,1269,3570
20185,1347,4072
20187,602,2084
20189,868,5250
20191,3232,22382
20193,1281,7930
20195,913,2808
20197,1168,6877
20199,417,1512
20201,1622,5530
20203,615,2152
20205,1504,8624
20207,842,3115
20209,3355,169245
21001,883,18903
21003,683,20588
21005,612,23852
21007,660,7728
21009,1453,44485
21011,578,12750
21013,1306,24097
21015,1294,135968
21017,816,20252
21019,1642,48261
21021,903,30614
21023,411,8400
21025,775,13718
21027,906,20432
21029,1324,82217
21031,630,12371
21033,736,12649
21035,1654,37103
21037,1644,93076
21039,488,4826
21041,590,10810
21043,1205,26627
21045,625,15941
21047,2073,72748
21049,872,36972
21051,842,20345
21053,452,9253
21055,525,8990
21057,593,5888
21059,2601,103312
21061,396,12126
21063,418,7354
21065,449,14163
21067,3922,322570
21069,756,15082
21071,1766,35942
21073,1407,51541
21075,622,6515
21077,435,8690
21079,498,16953
21081,810,24941
21083,2287,36649
21085,999,26420
21087,551,11107
21089,1655,35962
21091,590,9095
21093,2769,110702
21095,1704,26831
21097,682,18692
21099,811,19288
21101,1412,44793
21103,596,15678
21105,578,4521
21107,2043,45423
21109,505,12955
21111,10986,782969
21113,997,52991
21115,921,22680
21117,2947,169064
21119,601,14251
21121,1215,30193
21123,618,14867
21125,1686,62613
21127,1005,16293
21129,395,7395
21131,784,10513
21133,1073,21548
21135,915,13080
21137,804,24275
21139,799,8888
21141,1415,27432
21143,783,8680
21145,2667,67875
21147,681,16888
21149,740,9152
21151,2037,92701
21153,462,11637
21155,807,19581
21157,1844,31659
21159,445,11287
21161,863,17120
21163,707,30003
21165,283,6113
21167,853,22641
21169,629,10286
21171,599,11338
21173,645,28114
21175,681,13726
21177,1527,30928
21179,1127,46738
21181,350,7537
21183,1350,23772
21185,1098,67607
21187,573,11278
21189,391,4051
21191,597,14644
21193,1411,28473
21195,1857,58669
21197,501,13129
21199,2882,65034
21201,153,2193
21203,715,16037
21205,663,24662
21207,926,17991
21209,1403,57155
21211,1256,48065
21213,699,19594
21215,427,19490
21217,916,26023
21219,620,12243
21221,928,14061
21223,335,8474
21225,1000,13668
21227,2528,134554
21229,526,12027
21231,780,19555
21233,1228,13017
21235,1541,36712
21237,349,6562
21239,681,26871
22001,2635,57576
22003,1120,22750
22005,1887,126500
22007,698,21039
22009,1664,39693
22011,2095,36549
22013,1353,12981
22015,2456,128746
22017,6412,237848
22019,4927,216785
22021,687,9645
22023,762,5617
22025,843,8906
22027,1111,14170
22029,1048,18687
22031,1547,26812
22033,7200,456781
22035,504,7459
22037,596,19539
22039,1781,32350
22041,1025,19774
22043,1195,22169
22045,2167,69929
22047,1336,30241
22049,1103,15031
22051,8133,440781
22053,1669,32250
22055,5158,241753
22057,2994,97557
22059,1279,14791
22061,1511,48396
22063,2000,142282
22065,1014,10017
22067,1367,25629
22069,2357,37515
22071,11275,383997
22073,4085,160368
22075,1711,23515
22077,905,20758
22079,4658,130023
22081,569,7620
22083,1296,20043
22085,1599,22155
22087,2039,43764
22089,1254,52549
22091,409,10920
22093,893,20192
22095,1139,42477
22097,3472,82540
22099,1672,51767
22101,2727,49406
22103,6136,264570
22105,2788,133157
22107,710,4147
22109,3197,109580
22111,1383,21107
22113,2719,57359
22115,3032,48750
22117,2032,45463
22119,2098,36967
22121,909,27199
22123,710,9751
22125,410,15310
22127,1413,13755
23001,2321,111139
23003,5563,67105
23005,5553,303069
23007,1663,29456
23009,2792,55478
23011,2874,123642
23013,1403,40607
23015,1283,35237
23017,2696,57777
23019,4653,152199
23021,2471,16800
23023,943,36699
23025,3539,50477
23027,1541,39607
23029,2935,31095
23031,4908,211972
24001,2461,68106
24003,6503,588261
24005,9125,854535
24009,1185,92783
24011,1242,33293
24013,2565,172891
24015,2005,103725
24017,2058,166617
24019,1803,32531
24021,4667,271717
24023,1614,28806
24025,3052,260924
24027,2204,332317
24029,819,19198
24031,9513,1062061
24033,8750,967201
24035,1186,49874
24037,1762,113777
24039,1344,24620
24041,1319,37526
24043,3350,154705
24045,2883,103588
24047,2392,52460
24510,10025,585708
25001,7335,228996
25003,4181,129026
25005,9018,579200
25007,1037,20600
25009,10735,809829
25011,3074,71029
25013,7710,465825
25015,3010,162308
25017,21072,1632002
25019,509,14255
25021,9682,725981
25023,8248,530819
25025,7280,797936
25027,14387,862111
26001,903,10167
26003,1091,8842
26005,3708,120502
26007,1273,28907
26009,1670,23431
26011,1151,15002
26013,1197,8158
26015,2030,62423
26017,3032,103856
26019,1203,17970
26021,5113,154316
26023,1923,44862
26025,4450,134310
26027,2151,51589
26029,1513,26054
26031,2001,25579
26033,2375,36785
26035,1627,30856
26037,2336,79128
26039,1545,12988
26041,1797,36903
26043,1702,25947
26045,2778,109175
26047,1491,34112
26049,7709,406211
26051,1279,25386
26053,1403,14380
26055,2279,95238
26057,2119,41761
26059,2155,45746
26061,2042,37361
26063,2645,31407
26065,5476,284900
26067,2256,66804
26069,1536,25237
26071,1406,11631
26073,2110,64394
26075,4310,160366
26077,4858,261670
26079,1426,17939
26081,9304,657974
26083,496,2046
26085,1473,12096
26087,2295,88619
26089,1192,22301
26091,3367,99423
26093,3639,193866
26095,666,5339
26097,1160,10834
26099,11653,881217
26101,1833,25032
26103,3377,66017
26105,1554,29052
26107,1982,39714
26109,1677,23502
26111,1995,83494
26113,1041,15052
26115,4016,154809
26117,2510,66614
26119,1106,9153
26121,4373,175824
26123,2269,49978
26125,17388,1274395
26127,1881,26659
26129,1184,20770
26131,1011,5816
26133,1431,22891
26135,880,8219
26137,1394,25091
26139,4494,296200
26141,1150,12982
26143,1778,23459
26145,5683,190124
26147,4417,160383
26149,2945,60939
26151,2372,40611
26153,1110,8047
26155,2610,68094
26157,2544,53323
26159,2900,75587
26161,5921,372258
26163,32022,1793561
26165,1568,33673
27001,1746,15697
27003,5807,363887
27005,2383,35183
27007,2565,46228
27009,1318,41379
27011,869,5166
27013,2728,69112
27015,1632,25912
27017,1676,36207
27019,2209,106922
27021,2701,30066
27023,1452,12598
27025,1588,56621
27027,2634,65318
27029,1109,8524
27031,1047,5600
27033,1366,11517
27035,3468,66123
27037,6098,439882
27039,1187,20867
27041,1928,39006
27043,1963,13921
27045,1800,21228
27047,2354,30895
27049,2289,47582
27051,938,6074
27053,18275,1281565
27055,1204,18843
27057,1670,21344
27059,1540,41135
27061,3372,45014
27063,1433,9989
27065,893,16032
27067,2222,43732
27069,1211,4207
27071,1627,12062
27073,1407,6719
27075,1466,10905
27077,1124,3763
27079,1386,28674
27081,922,5640
27083,1700,25269
27085,1714,36771
27087,595,5411
27089,2218,9040
27091,1815,20025
27093,1741,23400
27095,1412,26459
27097,2576,34010
27099,2172,40029
27101,1256,8179
27103,1492,34454
27105,1718,22290
27107,1269,6441
27109,3256,162847
27111,4716,60081
27113,1107,13992
27115,2071,28876
27117,1156,9424
27119,3146,31192
27121,1262,11308
27123,7753,552352
27125,651,3935
27127,2095,15425
27129,2153,14723
27131,1993,67097
27133,1008,9704
27135,1748,15331
27137,10046,200231
27139,2663,150928
27141,2201,97183
27143,1339,14836
27145,5463,158292
27147,1503,37406
27149,960,9671
27151,1603,9838
27153,2072,25262
27155,870,3360
27157,1538,21387
27159,1167,14065
27161,1068,18968
27163,4226,267568
27165,1050,11253
27167,1244,6506
27169,2195,49671
27171,3463,141337
27173,1634,9528
28001,967,29538
28003,1467,34740
28005,911,12720
28007,1170,17889
28009,457,7646
28011,2250,30985
28013,764,13266
28015,714,9998
28017,815,17106
28019,571,8246
28021,492,9135
28023,1234,15615
28025,839,18636
28027,1596,21390
28029,1323,28368
28031,1340,18340
28033,2418,185314
28035,2537,78158
28037,774,7675
28039,964,24350
28041,991,13530
28043,1008,21629
28045,1945,46053
28047,5390,208621
28049,5089,227742
28051,1126,17000
28053,751,7785
28055,314,1338
28057,1120,23863
28059,3468,143252
28061,960,16367
28063,459,7260
28065,856,11321
28067,2690,67246
28069,674,8988
28071,1381,55813
28073,1590,64222
28075,2885,72984
28077,775,12016
28079,1092,21275
28081,2541,83343
28083,1734,28339
28085,1567,34907
28087,2173,58879
28089,2206,109145
28091,1200,24441
28093,1077,33752
28095,2059,34180
28097,796,9822
28099,1347,29087
28101,1404,21291
28103,657,10285
28105,1284,51788
28107,1348,33208
28109,1876,56145
28111,875,11511
28113,1821,40324
28115,1243,31184
28117,1185,25008
28119,731,6176
28121,2877,157031
28123,1244,27990
28125,540,3800
28127,1445,25949
28129,870,14209
28131,751,18333
28133,1618,25971
28135,894,12715
28137,669,28064
28139,966,21815
28141,1365,18850
28143,896,9782
28145,1101,27777
28147,691,13884
28149,1222,44722
28151,2471,44922
28153,1152,19779
28155,680,9926
28157,617,8587
28159,932,17714
28161,766,12481
28163,1183,26743
29001,1511,25314
29003,1531,18135
29005,1021,5305
29007,2463,24962
29009,2831,34534
29011,1734,11637
29013,1949,16042
29015,1983,19394
29017,927,10567
29019,3881,183610
29021,4032,84793
29023,2617,42130
29025,2064,8815
29027,2511,44283
29029,2174,42745
29031,2739,81710
29033,1458,8495
29035,565,5202
29037,3571,107824
29039,1632,14188
29041,2453,7408
29043,2523,88842
29045,1041,6634
29047,5222,253335
29049,1294,21184
29051,1859,77279
29053,1302,17103
29055,1385,23056
29057,1725,7569
29059,1002,17071
29061,1941,8430
29063,2078,11029
29065,1068,14421
29067,1433,11578
29069,2591,28283
29071,3521,104682
29073,1167,14794
29075,1016,6162
29077,7450,298915
29079,1230,9808
29081,1863,8157
29083,1860,21946
29085,912,8279
29087,1026,4223
29089,1380,10151
29091,2508,39750
29093,808,9537
29095,14842,717204
29097,4858,122761
29099,4585,226739
29101,2393,54013
29103,1153,3744
29105,2070,36039
29107,2402,32984
29109,3314,38001
29111,989,10032
29113,2071,59574
29115,2563,11874
29117,1701,14557
29119,1334,23303
29121,2826,15209
29123,846,12626
29125,687,8432
29127,1562,28525
29129,666,3538
29131,1638,24722
29133,1170,12577
29135,1664,15473
29137,1683,8666
29139,1787,11322
29141,1430,21006
29143,1792,16434
29145,2891,58648
29147,2209,21241
29149,894,8635
29151,968,13274
29153,1287,8553
29155,1530,15661
29157,1018,18956
29159,2904,42980
29161,2054,44638
29163,1619,17587
29165,2475,106718
29167,2007,31519
29169,1899,53955
29171,841,4681
29173,1044,10355
29175,1692,24716
29177,1569,23158
29179,988,6096
29181,697,10679
29183,6540,405262
29185,1839,9284
29186,888,18479
29187,2730,66922
29189,15359,1004125
29195,2121,23333
29197,786,4032
29199,1098,4716
29201,2159,38059
29203,934,7031
29205,921,6103
29207,2675,28672
29209,2452,31076
29211,1491,5999
29213,2531,56066
29215,1717,24487
29217,2154,19707
29219,1611,35532
29221,1441,23514
29223,1102,10974
29225,1782,39085
29227,388,1973
29229,1392,18188
29510,8057,301578
30001,2292,9371
30003,2168,13124
30005,1451,7044
30007,1024,6774
30009,1558,10473
30011,747,1415
30013,3627,84414
30015,1143,5895
30017,1163,11867
30019,462,1661
30021,909,8940
30023,833,9421
30025,659,3049
30027,1364,11446
30029,5175,104357
30031,4874,118960
30033,1000,1173
30035,1404,13778
30037,480,823
30039,802,3309
30041,2279,16309
30043,1394,12085
30045,945,2023
30047,2740,31134
30049,3255,70973
30051,715,1959
30053,3823,19677
30055,406,1729
30057,1787,8623
30059,930,1927
30061,993,4535
30063,4221,117922
30065,861,4730
30067,1841,17191
30069,328,496
30071,1373,4217
30073,1045,5898
30075,1095,1694
30077,1315,6946
30079,377,1088
30081,3034,44174
30083,1449,11491
30085,1264,10794
30087,1141,8329
30089,1800,12400
30091,1071,3539
30093,2134,35133
30095,1097,8963
30097,950,3678
30099,1203,6226
30101,872,4971
30103,257,762
30105,1577,7578
30107,565,2069
30109,238,937
30111,4907,164731
31001,2015,31205
31003,1341,6295
31005,46,434
31007,180,674
31009,88,431
31011,1009,5379
31013,1107,10842
31015,399,1810
31017,429,2903
31019,3006,50084
31021,954,6722
31023,1452,8369
31025,1842,26598
31027,1563,8380
31029,593,3893
31031,710,5455
31033,1348,9468
31035,1256,6104
31037,1014,10582
31039,1126,9013
31041,2475,10545
31043,1138,21582
31045,967,8199
31047,2231,24111
31049,341,1838
31051,1033,5606
31053,2496,37167
31055,11345,584526
31057,374,1654
31059,1394,5551
31061,447,2889
31063,701,2519
31065,1252,4636
31067,2101,21704
31069,316,1874
31071,242,1813
31073,398,1893
31075,62,611
31077,384,2188
31079,3066,62895
31081,1325,9429
31083,1003,3073
31085,206,856
31087,561,2616
31089,2343,10127
31091,77,711
31093,965,6475
31095,981,7240
31097,757,5290
31099,1006,6688
31101,1167,8335
31103,122,769
31105,656,3434
31107,1309,8391
31109,7704,322608
31111,2862,34676
31113,63,716
31115,80,607
31117,57,399
31119,2174,35585
31121,1301,7668
31123,963,4555
31125,665,3380
31127,1001,7074
31129,1008,4095
31131,1876,15912
31133,676,2544
31135,457,2858
31137,1416,8968
31139,1106,7317
31141,2722,34296
31143,785,5214
31145,992,10702
31147,1180,7871
31149,240,1262
31151,1475,14292
31153,4037,190604
31155,2505,22278
31157,2958,36084
31159,1408,17609
31161,1174,5127
31163,755,2959
31165,248,1135
31167,913,5842
31169,1197,5034
31171,93,669
31173,896,6773
31175,767,4059
31177,1196,20865
31179,963,9697
31181,857,3395
31183,72,774
31185,1542,14125
32001,1403,25516
32003,22906,2265461
32005,1425,49488
32007,5430,53702
32009,441,729
32011,850,1855
32013,2537,17285
32015,845,5734
32017,1329,4499
32019,2246,59235
32021,995,4554
32023,4176,51591
32027,1232,6650
32029,374,4104
32031,7777,486492
32033,2303,9080
32510,1140,58639
33001,1856,63705
33003,2411,50107
33005,2351,76458
33007,2491,31268
33009,3502,91118
33011,6910,422937
33013,3675,153808
33015,5096,314176
33017,2102,130889
33019,1554,43063
34001,7302,274534
34003,12265,955732
34005,8807,461860
34007,8770,523485
34009,4537,95263
34011,3303,154152
34013,7998,863728
34015,5364,302294
34017,4119,724854
34019,2817,128947
34021,5495,387340
34023,10821,863162
34025,11791,643615
34027,7969,509285
34029,11469,637229
34031,5938,524118
34033,2019,64837
34035,4434,345361
34037,3209,144221
34039,6697,575345
34041,2848,109632
35001,11943,676444
35003,1327,3579
35005,4353,65157
35006,3439,27172
35007,2412,12387
35009,2474,48430
35011,1031,1698
35013,7002,219561
35015,5091,62314
35017,1967,28185
35019,902,4452
35021,715,657
35023,863,4178
35025,4457,74455
35027,2333,20269
35028,371,19419
35029,3124,25427
35031,7580,72902
35033,889,4189
35035,3666,67839
35037,2161,8746
35039,4126,40363
35041,1601,19191
35043,6390,148834
35045,7369,121661
35047,2715,27201
35049,4259,154823
35051,1426,11576
35053,2363,16595
35055,2112,34489
35057,2069,15045
35059,2104,4079
35061,2581,76205
36001,5363,314848
36003,2656,46456
36005,5320,1472654
36007,4404,198683
36009,3704,77042
36011,3073,76248
36013,5158,127657
36015,2708,84148
36017,2805,47220
36019,2645,79843
36021,2684,61570
36023,1775,46809
36025,3732,44308
36027,5043,295911
36029,13736,954236
36031,2118,37381
36033,2242,47555
36035,1853,53324
36037,1733,58388
36039,2038,47931
36041,912,5107
36043,3160,60139
36045,5375,116721
36047,9855,2736074
36049,2467,26582
36051,2683,61834
36053,2746,68016
36055,10063,759443
36057,2562,49532
36059,19838,1395774
36061,4043,1694251
36063,4169,212666
36065,7106,232125
36067,8287,476516
36069,2994,112458
36071,7365,401310
36073,1244,40343
36075,4227,117525
36077,3426,58524
36079,1760,97668
36081,14094,2405464
36083,3829,161130
36085,4672,495747
36087,3718,338329
36089,5407,108505
36091,5096,235509
36093,2894,158061
36095,1983,29714
36097,1328,17898
36099,1766,33814
36101,5118,93584
36103,24757,1525920
36105,3695,78624
36107,1854,48455
36109,2417,105740
36111,4327,181851
36113,2265,65737
36115,2448,61302
36117,2884,91283
36119,12058,1004457
36121,1691,40531
36123,1446,24774
37001,3594,171415
37003,919,36444
37005,704,10888
37007,1310,22055
37009,1138,26577
37011,948,17806
37013,2073,44652
37015,802,17934
37017,1720,29606
37019,4781,136693
37021,4841,269452
37023,2324,87570
37025,4039,225804
37027,2106,80652
37029,228,10355
37031,2881,67686
37033,620,22736
37035,4766,160610
37037,2644,76285
37039,1555,28774
37041,464,13708
37043,541,11089
37045,2964,99519
37047,2402,50623
37049,2625,100720
37051,6201,334728
37053,523,28100
37055,1617,36915
37057,3741,168930
37059,1001,42712
37061,2359,48715
37063,4401,324833
37065,1760,48900
37067,6376,382590
37069,1515,68573
37071,4789,227943
37073,338,10478
37075,754,8030
37077,1455,60992
37079,622,20451
37081,9937,541299
37083,1881,48622
37085,2486,133568
37087,2559,62089
37089,3328,116281
37091,860,21552
37093,1231,52082
37095,709,4589
37097,4391,186693
37099,1660,43109
37101,3747,215999
37103,668,9172
37105,1468,63285
37107,2014,55122
37109,1746,86810
37111,1506,44578
37113,1993,37014
37115,1049,21193
37117,1090,22031
37119,12132,1115482
37121,613,14903
37123,1460,25751
37125,3281,99727
37127,2569,94970
37129,3901,225702
37131,896,17471
37133,3042,204576
37135,2341,148696
37137,782,12276
37139,989,40568
37141,1495,60203
37143,446,13005
37145,1188,39097
37147,3800,170243
37149,796,19328
37151,3820,144171
37153,1879,42946
37155,4399,116530
37157,2389,91096
37159,3690,146875
37161,2391,64444
37163,1975,59036
37165,1469,34174
37167,2127,62504
37169,1182,44520
37171,2309,71359
37173,774,14117
37175,1313,32986
37177,326,3245
37179,4432,238267
37181,1125,42578
37183,14470,1129410
37185,732,18642
37187,562,11003
37189,1645,54086
37191,3024,117333
37193,2226,65969
37195,2348,78784
37197,950,37214
37199,586,18470
38001,882,2200
38003,1990,10853
38005,1487,5964
38007,425,945
38009,2110,6379
38011,860,2993
38013,1258,2201
38015,3451,98458
38017,5682,184525
38019,1408,3704
38021,1236,4999
38023,1350,2195
38025,1148,4095
38027,724,2347
38029,1328,3301
38031,795,3397
38033,717,1736
38035,3259,73170
38037,1076,2301
38039,793,2306
38041,1027,2489
38043,1214,2394
38045,1378,4093
38047,804,1876
38049,2297,5345
38051,996,2530
38053,1717,14704
38055,2643,9771
38057,1321,8350
38059,2276,33291
38061,1973,9809
38063,1242,3015
38065,613,1877
38067,1702,6844
38069,1130,3990
38071,1634,11605
38073,1075,5703
38075,1181,2282
38077,2374,16529
38079,1296,12187
38081,1122,3862
38083,774,1265
38085,448,3898
38087,745,706
38089,2241,33646
38091,818,1798
38093,2951,21593
38095,903,2162
38097,1491,7997
38099,2279,10563
38101,4019,69919
38103,1548,3982
38105,3355,40950
39001,1345,27477
39003,3552,102206
39005,2050,52447
39007,3091,97574
39009,2452,62431
39011,2044,46422
39013,3478,66497
39015,1892,43676
39017,5337,390357
39019,1524,26721
39021,1335,38714
39023,3417,136001
39025,3190,208601
39027,1634,42018
39029,3502,101877
39031,2030,36612
39033,2098,42025
39035,15465,1264817
39037,2675,51881
39039,1781,38286
39041,3711,214124
39043,2046,75622
39045,4051,158921
39047,1179,28951
39049,19027,1323807
39051,1690,42713
39053,1623,29220
39055,1266,95397
39057,3543,167966
39059,2475,38438
39061,9321,830639
39063,2786,74920
39065,1477,30696
39067,1426,14483
39069,1740,27662
39071,1782,43317
39073,1207,28050
39075,1541,44223
39077,2107,58565
39079,1748,32653
39081,2647,65249
39083,2649,62721
39085,2977,232603
39087,1975,58240
39089,4440,178519
39091,2219,46150
39093,5504,312964
39095,8223,431279
39097,1373,43824
39099,5629,228614
39101,1897,65359
39103,2604,182470
39105,1286,22210
39107,1931,42528
39109,2817,108774
39111,1283,13385
39113,9932,537309
39115,1059,13802
39117,1483,34950
39119,3231,86410
39121,1197,14115
39123,1802,40364
39125,1400,18806
39127,1605,35408
39129,1596,58539
39131,1265,27088
39133,2862,161791
39135,1698,40999
39137,2112,34451
39139,3721,124936
39141,2077,77093
39143,2452,58896
39145,2535,74008
39147,2354,55069
39149,1668,48230
39151,10636,374853
39153,9448,540428
39155,4837,201977
39157,4718,93263
39159,2289,62784
39161,1755,28931
39163,946,12800
39165,3402,242337
39167,2575,59771
39169,3109,116894
39171,2067,37102
39173,4178,132248
39175,1327,21900
40001,1309,19495
40003,1471,5699
40005,1176,14143
40007,1463,5049
40009,2308,22410
40011,1644,8735
40013,2346,46067
40015,2743,26945
40017,3832,154405
40019,2276,48003
40021,2152,47078
40023,1514,14204
40025,1269,2296
40027,4472,295528
40029,695,5266
40031,4402,121125
40033,1147,5527
40035,1388,14107
40037,3513,71754
40039,2501,28513
40041,2132,40397
40043,1238,4484
40045,1194,3749
40047,3614,62846
40049,1954,25656
40051,3392,54795
40053,1609,4169
40055,1048,5491
40057,673,2488
40059,880,3272
40061,993,11561
40063,1434,13367
40065,2498,24785
40067,911,5337
40069,1150,10272
40071,3198,43700
40073,2228,15184
40075,1971,8509
40077,849,9444
40079,3125,48129
40081,2246,33458
40083,2121,49555
40085,596,10146
40087,1575,41662
40089,3799,30814
40091,1668,18941
40093,1531,7782
40095,980,15312
40097,2067,39046
40099,1095,13904
40101,4233,66339
40103,1591,10924
40105,1004,9320
40107,1183,11310
40109,14201,796292
40111,2465,36706
40113,3855,45818
40115,2216,30285
40117,1478,15553
40119,2993,81646
40121,3376,43773
40123,2027,38065
40125,2709,72454
40127,1577,10812
40129,1006,3442
40131,2910,95240
40133,1558,23556
40135,2237,39281
40137,3038,42848
40139,3193,21384
40141,1954,6968
40143,12306,669279
40145,2562,80981
40147,2059,52455
40149,1930,10924
40151,1297,8624
40153,1806,20470
41001,2442,16668
41003,2066,95184
41005,7650,421401
41007,2173,41072
41009,1824,52589
41011,3425,64929
41013,1687,24738
41015,1923,23446
41017,5557,198253
41019,7508,111201
41021,496,1995
41023,2607,7233
41025,2422,7495
41027,809,23977
41029,6690,223259
41031,1791,24502
41033,2477,88090
41035,6610,69413
41037,2824,8160
41039,10299,382971
41041,2498,50395
41043,4543,128610
41045,3211,31571
41047,5975,345920
41049,1112,12186
41051,14563,815428
41053,2058,87433
41055,354,1870
41057,2312,27390
41059,3894,80075
41061,2470,26196
41063,1498,7391
41065,2002,26670
41067,7431,600372
41069,696,1451
41071,2910,107722
42001,3879,103852
42003,24787,1250578
42005,3291,65558
42007,4959,168215
42009,3002,47577
42011,10644,428849
42013,4759,122822
42015,3660,59967
42017,10003,646538
42019,4867,193763
42021,5940,133472
42023,621,4547
42025,2449,64749
42027,3781,158172
42029,9728,534413
42031,2574,37241
42033,4790,80562
42035,2579,37450
42037,3315,64727
42039,4188,83938
42041,5609,259469
42043,7860,286401
42045,8542,576830
42047,1642,30990
42049,6712,270876
42051,5114,128804
42053,564,6973
42055,4097,155932
42057,797,14556
42059,3243,35954
42061,2260,44092
42063,4354,83246
42065,2727,44492
42067,1154,23509
42069,6353,215896
42071,12109,552984
42073,3303,86070
42075,4714,143257
42077,10238,374557
42079,8894,325594
42081,5505,114188
42083,2051,40432
42085,4276,110652
42087,1734,46143
42089,4626,168327
42091,12463,856553
42093,1063,18136
42095,8368,312951
42097,4544,91647
42099,2127,45842
42101,17554,1603797
42103,2905,58535
42105,1370,16396
42107,5750,143049
42109,2036,39736
42111,3958,74129
42113,720,5840
42115,2532,38434
42117,2266,41045
42119,1579,42681
42121,2386,50454
42123,1899,38587
42125,6634,209349
42127,2825,51155
42129,10256,354663
42131,1152,26069
42133,10304,456438
44001,1074,50793
44003,4278,170363
44005,2539,85643
44007,13417,660741
44009,4341,129839
45001,1112,24295
45003,5716,168808
45005,978,8039
45007,5907,203718
45009,1085,13311
45011,1339,20589
45013,4482,187117
45015,4809,229861
45017,783,14119
45019,11175,408235
45021,2260,56216
45023,1439,32294
45025,2569,43273
45027,1516,31144
45029,2043,38604
45031,2388,62905
45033,1664,28292
45035,3042,161540
45037,1167,25657
45039,1215,20948
45041,4350,137059
45043,2499,63404
45045,9278,525534
45047,2046,69351
45049,1478,18561
45051,8451,351029
45053,1322,28791
45055,2286,65403
45057,2630,96016
45059,2478,67539
45061,978,16531
45063,5712,293991
45065,785,9526
45067,1765,29183
45069,1546,26667
45071,1900,37719
45073,2969,78607
45075,4060,84223
45077,3507,131404
45079,8642,416147
45081,1247,18862
45083,8768,327997
45085,3616,105556
45087,1349,27244
45089,1636,31026
45091,4857,282090
46003,749,2747
46005,2341,19149
46007,403,3381
46009,1017,7003
46011,1719,34375
46013,3135,38301
46015,782,5247
46017,180,1948
46019,669,10243
46021,525,1377
46023,1508,9373
46025,833,3837
46027,1064,14967
46029,1797,28325
46031,692,3902
46033,749,8318
46035,1254,19956
46037,1418,5449
46039,822,4295
46041,422,5239
46043,666,2835
46045,909,3986
46047,825,6973
46049,749,2125
46051,1218,7556
46053,975,3994
46055,370,1872
46057,760,6164
46059,966,3145
46061,702,3461
46063,271,1311
46065,989,17765
46067,1413,7427
46069,315,1262
46071,727,2806
46073,469,1663
46075,366,917
46077,1254,5187
46079,1009,11059
46081,1227,25768
46083,2182,65161
46085,826,3718
46087,1077,5682
46089,796,2411
46091,1040,4306
46093,1443,29852
46095,1223,1918
46097,705,2298
46099,5273,197214
46101,936,6336
46102,746,13672
46103,3368,109222
46105,754,2835
46107,688,2472
46109,1771,10280
46111,829,2330
46115,1769,6361
46117,358,2980
46119,374,1446
46121,576,9319
46123,1614,5624
46125,1226,8673
46127,1134,16811
46129,858,5315
46135,1297,23310
46137,261,2413
47001,2055,77123
47003,1626,50237
47005,1163,15864
47007,852,14913
47009,3469,135280
47011,2544,108620
47013,1592,39272
47015,556,14506
47017,1762,28440
47019,1617,56356
47021,829,41072
47023,845,17341
47025,1150,32043
47027,439,7581
47029,1593,35999
47031,2015,57889
47033,751,13911
47035,2418,61145
47037,9097,715884
47039,985,11435
47041,760,20080
47043,1826,54315
47045,1500,36801
47047,1471,41990
47049,724,18489
47051,2146,42774
47053,2461,50429
47055,1726,30346
47057,993,23527
47059,3069,70152
47061,850,13529
47063,1748,64499
47065,7076,366207
47067,400,6662
47069,1525,25462
47071,1786,26831
47073,1903,56721
47075,954,17864
47077,1443,27842
47079,1883,32199
47081,1467,24925
47083,544,8283
47085,1360,18990
47087,474,11617
47089,1715,54683
47091,688,17948
47093,7475,478971
47095,350,7005
47097,881,25143
47099,2187,44159
47101,637,12582
47103,1572,35319
47105,2033,54886
47107,2339,53276
47109,1722,25866
47111,821,25216
47113,2609,98823
47115,1523,28837
47117,1304,34318
47119,2986,100974
47121,757,12758
47123,2015,46250
47125,2954,220069
47127,318,6461
47129,811,21035
47131,1969,30787
47133,849,22511
47135,701,8366
47137,274,5001
47139,1067,17544
47141,2233,79854
47143,1238,32870
47145,2388,53404
47147,1568,72803
47149,4461,341486
47151,1005,21850
47153,575,15826
47155,2967,98380
47157,14498,929744
47159,850,19904
47161,884,13657
47163,4286,158163
47165,3013,196281
47167,1181,60970
47169,320,11615
47171,770,17928
47173,676,19802
47175,449,6168
47177,1472,40953
47179,3688,133001
47181,1329,16232
47183,2053,32902
47185,1009,27351
47187,3980,247726
47189,2820,147737
48001,2275,57922
48003,1404,18610
48005,2734,86395
48007,1218,23830
48009,882,8560
48011,574,1848
48013,1902,48981
48015,1411,30167
48017,1009,6904
48019,1090,20851
48021,2576,97216
48023,620,3465
48025,1421,31047
48027,7433,370647
48029,23695,2009324
48031,913,11374
48033,547,631
48035,1793,18235
48037,3478,92893
48039,7658,372031
48041,3462,233849
48043,2349,9546
48045,653,1435
48047,786,7076
48049,2029,38095
48051,1033,17642
48053,2728,49130
48055,1609,45883
48057,1323,20106
48059,997,13708
48061,9802,421017
48063,623,12464
48065,1139,5807
48067,1892,28454
48069,1317,7371
48071,1312,46571
48073,2168,50412
48075,946,6664
48077,1126,10218
48079,933,2547
48081,748,3285
48083,1476,7684
48085,16324,1064465
48087,823,2652
48089,1609,20557
48091,2945,161501
48093,1327,13594
48095,690,3303
48097,1998,41668
48099,1991,83093
48101,675,1380
48103,478,4675
48105,1174,3098
48107,1099,5133
48109,1123,2188
48111,987,7115
48113,38180,2613539
48115,1673,12456
48117,1343,18583
48119,571,5230
48121,13339,906422
48123,1478,19824
48125,621,1770
48127,1299,8615
48129,1027,3258
48131,1351,9831
48133,1834,17725
48135,4033,165171
48137,771,1422
48139,4603,192455
48141,13806,865657
48143,1698,42545
48145,1398,16968
48147,2170,35662
48149,1975,24435
48151,1052,3672
48153,1184,5402
48155,500,1095
48157,9644,822779
48159,622,10359
48161,1337,19435
48163,1340,18385
48165,1491,21598
48167,7502,350682
48169,766,5816
48171,1168,26725
48173,485,1116
48175,425,7012
48177,1378,19653
48179,1835,21227
48181,5360,135543
48183,3312,124239
48185,1293,29268
48187,3034,172706
48189,2542,32522
48191,966,2825
48193,909,8222
48195,764,5285
48197,977,3549
48199,2166,56231
48201,51077,4731145
48203,2576,68839
48205,783,5382
48207,1227,5416
48209,3158,241067
48211,641,3382
48213,3594,82150
48215,13134,870781
48217,2530,35874
48219,1953,21537
48221,1735,61598
48223,1560,36787
48225,1283,22066
48227,1777,34860
48229,1354,3202
48231,3765,99956
48233,1746,20617
48235,658,1513
48237,864,8472
48239,1203,14988
48241,1570,32980
48243,538,1996
48245,8376,256526
48247,769,4838
48249,1714,38891
48251,3851,179927
48253,1742,19663
48255,1100,14710
48257,3268,145310
48259,964,44279
48261,484,350
48263,512,753
48265,2065,52598
48267,763,4286
48269,462,265
48271,1079,3129
48273,1323,31040
48275,895,3353
48277,2039,50088
48279,2049,13045
48281,938,21627
48283,1100,6664
48285,1484,20337
48287,858,17478
48289,1360,15719
48291,2900,91628
48293,1525,22146
48295,672,3059
48297,1003,11335
48299,1489,21243
48301,139,64
48303,7266,310639
48305,1330,5596
48307,1395,7630
48309,6980,260579
48311,435,600
48313,475,13455
48315,951,9725
48317,815,5237
48319,568,3953
48321,2620,36255
48323,1778,57887
48325,2077,50748
48327,389,1962
48329,3799,169983
48331,1685,24754
48333,506,4456
48335,1168,8990
48337,1633,19965
48339,6920,620443
48341,1212,21358
48343,764,11973
48345,547,1063
48347,1891,64653
48349,2765,52624
48351,1188,12217
48353,1632,14738
48355,6755,353178
48357,733,10015
48359,902,1758
48361,2756,84808
48363,2082,28409
48365,1197,22491
48367,3391,148222
48369,1464,9869
48371,2366,15193
48373,2424,50123
48375,3973,118525
48377,1586,6131
48379,422,12164
48381,2807,140753
48383,950,3385
48385,514,2758
48387,1204,11587
48389,1563,14748
48391,732,6741
48393,452,827
48395,1381,16757
48397,1715,107819
48399,1423,9900
48401,2396,52214
48403,827,9894
48405,667,7918
48407,1081,27402
48409,2555,68755
48411,887,5730
48413,676,2451
48415,1623,16932
48417,907,3105
48419,1419,24022
48421,667,2782
48423,5773,233479
48425,339,9205
48427,2322,65920
48429,892,9101
48431,603,1372
48433,752,1245
48435,754,3372
48437,1444,6971
48439,31925,2110640
48441,4305,143208
48443,570,760
48445,1526,11831
48447,670,1440
48449,1175,31247
48451,4114,120003
48453,16906,1290188
48455,1094,13602
48457,1317,19798
48459,1792,40892
48461,1043,3308
48463,1919,24564
48465,2830,47586
48467,1966,59541
48469,2583,91319
48471,1454,76400
48473,1619,56794
48475,1268,11644
48477,1319,35805
48479,5614,267114
48481,2429,41570
48483,1034,4990
48485,3971,129350
48487,1395,12887
48489,1641,20164
48491,8997,609017
48493,1228,49753
48495,527,7791
48497,2510,68632
48499,2205,44843
48501,822,7694
48503,1328,17867
48505,1049,13889
48507,1249,9670
49001,1267,7072
49003,2568,57666
49005,2867,133154
49007,1024,20412
49009,379,935
49011,4668,362679
49013,1357,19596
49015,1205,9825
49017,1092,5083
49019,677,9669
49021,2526,57289
49023,1220,11786
49025,1403,7667
49027,2346,12975
49029,313,12295
49031,403,1438
49033,651,2510
49035,13190,1185238
49037,1916,14518
49039,1775,28437
49041,1699,21522
49043,1545,42357
49045,2520,72698
49047,1697,35620
49049,10092,659399
49051,1384,34788
49053,4087,180279
49055,1225,2486
49057,4111,262223
50001,2029,37363
50003,1397,37347
50005,1892,30233
50007,2903,168323
50009,817,5920
50011,1762,49946
50013,212,7293
50015,954,25945
50017,1608,29277
50019,1654,27393
50021,2319,60572
50023,2150,59807
50025,2088,45905
50027,2826,57753
51001,2184,33413
51003,2046,112395
51005,818,15223
51007,430,13265
51009,1008,31307
51011,527,16119
51013,2146,238643
51015,2076,77487
51017,345,4209
51019,1847,79462
51021,456,6270
51023,1031,33596
51025,1041,15849
51027,1086,20355
51029,667,16824
51031,1217,55696
51033,1192,30887
51035,1224,29155
51036,230,6773
51037,793,11529
51041,3663,364548
51043,529,14783
51045,351,4892
51047,1055,52552
51049,402,9675
51051,736,14124
51053,1023,27947
51057,418,10599
51059,8930,1150309
51061,1600,72972
51063,709,15476
51065,627,27249
51067,1503,54477
51069,1650,91419
51071,921,16787
51073,605,38711
51075,780,24727
51077,971,15333
51079,348,20552
51081,540,11391
51083,1622,34022
51085,1766,109979
51087,5120,334389
51089,1344,50948
51091,327,2232
51093,946,38606
51095,913,78254
51097,374,6608
51099,458,26723
51101,599,17810
51103,419,10919
51105,1237,22173
51107,5882,420959
51109,984,37596
51111,769,11936
51113,528,13837
51115,261,8533
51117,1877,30319
51119,444,10625
51121,1832,99721
51125,969,14775
51127,570,22945
51131,968,12282
51133,558,11839
51135,978,15642
51137,1092,36254
51139,934,23709
51141,939,17608
51143,2113,60501
51145,560,30333
51147,748,21849
51149,826,43010
51153,4119,482204
51155,1155,33800
51157,444,7348
51159,292,8923
51161,1418,96929
51163,1223,22650
51165,2531,83757
51167,1389,25781
51169,1399,21576
51171,1519,44186
51173,1434,29800
51175,1083,17996
51177,1859,140032
51179,1601,156927
51181,387,6561
51183,886,10829
51185,1781,40429
51187,1047,40727
51191,2091,53935
51193,780,18477
51195,1559,36130
51197,1293,28290
51199,1078,70045
51510,1230,159467
51520,611,17219
51530,285,6641
51540,648,46553
51550,2964,249422
51570,394,18170
51580,295,5737
51590,1040,42590
51595,192,5766
51600,310,24146
51610,164,14658
51620,204,8180
51630,497,27982
51640,220,6720
51650,2230,137148
51660,631,51814
51670,778,23033
51678,146,7320
51680,1464,79009
51683,409,42772
51685,103,17219
51690,307,13485
51700,2302,186247
51710,4371,238005
51720,171,3687
51730,886,33458
51735,129,12460
51740,2179,97915
51750,418,16070
51760,4731,226610
51770,2665,100011
51775,624,25346
51790,521,25750
51800,1735,94324
51810,5173,459470
51820,671,22196
51830,233,15425
51840,510,28120
53001,1562,20613
53003,618,22285
53005,4271,206873
53007,2840,79074
53009,2844,77155
53011,6609,503311
53013,521,3952
53015,2702,110730
53017,2064,42938
53019,1236,7178
53021,2283,96749
53023,442,2286
53025,4047,99123
53027,4245,75636
53029,1730,86857
53031,2060,32977
53033,27686,2269675
53035,4231,275611
53037,2687,44337
53039,1761,22735
53041,3514,82149
53043,1949,10876
53045,1837,65726
53047,3485,42104
53049,1689,23365
53051,1308,13401
53053,13184,921130
53055,924,17788
53057,3668,129523
53059,1572,12036
53061,9385,827957
53063,13689,539339
53065,2838,46445
53067,5159,294793
53069,454,4422
53071,2314,62584
53073,5314,226847
53075,2485,47973
53077,6886,256728
54001,951,15465
54003,1943,122076
54005,1176,21809
54007,1006,12447
54009,752,22559
54011,2632,94350
54013,442,6229
54015,513,8051
54017,520,7808
54019,2213,40488
54021,590,7408
54023,643,10976
54025,1682,32977
54027,1133,23093
54029,926,29095
54031,858,14299
54033,2490,65921
54035,1306,27791
54037,1690,57701
54039,6070,180745
54041,996,17033
54043,885,20463
54045,1571,32567
54047,1423,19111
54049,2139,56205
54051,1218,30591
54053,1669,25453
54055,1975,59664
54057,1006,26938
54059,824,23568
54061,2772,105822
54063,528,12376
54065,635,17063
54067,1293,24604
54069,1628,42425
54071,676,6143
54073,538,7653
54075,818,7869
54077,1940,34216
54079,1624,57440
54081,2350,74591
54083,1441,27932
54085,905,8444
54087,614,14028
54089,819,11959
54091,753,16705
54093,696,6762
54095,663,8313
54097,972,23816
54099,1465,38982
54101,795,8378
54103,1008,14442
54105,465,5194
54107,2755,84296
54109,1163,21382
55001,1756,20654
55003,1588,16027
55005,2713,46711
55007,1941,16220
55009,5025,268740
55011,1389,13317
55013,1602,16526
55015,1740,52442
55017,3131,66297
55019,2768,34659
55021,3092,58490
55023,1540,16113
55025,10961,561504
55027,3853,89396
55029,1787,30066
55031,3315,44295
55033,2486,45440
55035,3326,105710
55037,483,4558
55039,3567,104154
55041,1252,9179
55043,3353,51938
55045,2185,37093
55047,1224,19018
55049,1827,23709
55051,947,6137
55053,1917,21145
55055,3248,84900
55057,2232,26718
55059,3685,169151
55061,1025,20563
55063,3521,120784
55065,1667,16611
55067,1333,19491
55069,1865,28415
55071,3292,81359
55073,5297,138013
55075,3290,41872
55077,1133,15592
55078,936,4255
55079,12724,939489
55081,2690,46274
55083,2371,38965
55085,2791,37845
55087,4649,190705
55089,1922,91503
55091,552,7318
55093,1771,42212
55095,2363,44977
55097,3429,70377
55099,1502,14054
55101,3761,197727
55103,1522,17304
55105,4859,163687
55107,1569,14188
55109,2699,93536
55111,3314,65763
55113,1990,18074
55115,2440,40881
55117,4063,118034
55119,1436,19913
55121,2260,30760
55123,2023,30714
55125,2282,23047
55127,3635,106478
55129,1944,16623
55131,2605,136761
55133,8297,406978
55135,2877,51812
55137,1572,24520
55139,4368,171730
55141,3487,74207
56001,3106,37066
56003,2007,11521
56005,2277,47026
56007,4493,14537
56009,1829,13751
56011,1847,7181
56013,4202,39234
56015,1671,12498
56017,722,4621
56019,1830,8447
56021,3976,100512
56023,2396,19581
56025,4885,79955
56027,1276,2467
56029,2727,29624
56031,1708,8605
56033,2095,30921
56035,1555,8728
56037,3965,42272
56039,1264,23331
56041,1477,20450
56043,1135,7685
56045,1326,6838
